Bank Name,Bank Website,Headquarters address,Headquarters country,CEO Name,Board description,Supervisor Name,Supervisor Website,Shareholder structure source,Source BankTrack,Latitude,Longitude
Barclays,http://www.barclays.com,"1 Churchill Place E14 5HP London,London",United Kingdom,C.S. Venkatakrishnan,https://home.barclays/who-we-are/structure-and-leadership/leadership/c-s-venkatakrishnan/,Bank of England,http://www.bankofengland.co.uk/,https://www.marketscreener.com/BARCLAYS-9583556/company/,https://www.banktrack.org/bank/barclays,51.5050431,-0.0144776
Raiffeisen Bank International,http://www.rbinternational.com ,"Am Stadtpark 9,A-1030 Vienna",Austria,Johann Strobl,https://www.rbinternational.com/eBusiness/01_template1/829189266947841370-829188968716049154_829601541395546781-829601541395546781-NA-2-EN.html,Oesterreichische Nationalbank,https://www.oenb.at/en/,http://investor.rbinternational.com/index.php?id=575&L=1,https://www.banktrack.org/bank/raiffeisen_zentralbank,48.2048472,16.3838656
RBC,http://www.rbc.com,"200 Bay Street,ON  M5J 2J5 Toronto",Canada,David I. McKay,https://www.rbc.com/newsroom/news/executive-biographies/dave-mckay.html,Superintendent of Financial Institutions (OSFI),http://www.osfi-bsif.gc.ca/,https://www.marketscreener.com/ROYAL-BANK-OF-CANADA-1411559/company/,https://www.banktrack.org/bank/rbc,43.6465177,-79.3800808
Standard Chartered,http://www.standardchartered.com,"1 Basinghall Avenue,EC2V 5DD London",United Kingdom,Bill Winters,https://www.sc.com/en/people/bill-winters/,Bank of England,http://www.bankofengland.co.uk/,https://www.marketscreener.com/STANDARD-CHARTERED-4003394/company/,https://www.banktrack.org/bank/standard_chartered,51.5162078,-0.0903527
ABN AMRO,http://www.abnamro.nl/en/index.html,"Gustav Mahlerlaan 10,1082 PP Amsterdam",Netherlands,Robert Swaak,https://www.abnamro.com/nl/over-abn-amro/product/executive-board,None,None,https://www.abnamro.com/en/about-abn-amro/product/shareholder-structure,https://www.banktrack.org/bank/abn_amro,52.33771489999999,4.8758324
ANZ,http://www.anz.com.au,"833 Collins Street, Docklands,3008 Melbourne",Australia,Shayne Elliott,http://shareholder.anz.com/personnel/shayne-elliott,Reserve Bank of Australia,http://www.rba.gov.au/,https://www.marketscreener.com/AUSTRALIA-AND-NEW-ZEALAND-6492549/company/,https://www.banktrack.org/bank/anz,-37.8219417,144.9455252
ASN Bank,http://www.asnbank.nl/,"Bezuidenhoutseweg 153,2594AG The Hague",Netherlands,Joyce van der Est en Arie Koornneef,https://www.asnbank.nl/over-asn-bank/organisatie/medewerkers-en-directie.html,De Nederlandsche Bank,http://www.dnb.nl,https://www.banktrack.org/bank/de_volksbank,https://www.banktrack.org/bank/asn_bank,52.08582260000001,4.3318674
Absa Group,https://www.absa.africa/absaafrica/,"7th Floor, Absa Towers West 15 Troye Street,2000 Johannesburg",South Africa,Arrie Rautenbach,https://www.absa.africa/about-us/board-and-management/,South African Reserve Bank,https://www.resbank.co.za,https://www.absa.africa/absaafrica/investor-relations/shareholders/,https://www.banktrack.org/bank/absa_bank_limited,-26.206359,28.048992
Access Bank,http://www.accessbankplc.com/,"Plot 999C, Danmole Street,Victoria Island, Lagos State",Nigeria,Herbert Wigwe,https://www.accessbankplc.com/about-us/board-management-team,Central Bank of Nigeria,http://www.cenbank.org/,https://www.marketscreener.com/ACCESS-BANK-PLC-6500790/company/,https://www.banktrack.org/bank/access_bank,6.428576199999999,3.4139411
Agricultural Bank of China,http://www.abchina.com/en/,"No.69, Jianguomen, NeiAvenue, Dongcheng District,100005 Beijing",China,Gu Shu,https://www.abchina.com/en/investor-relations/corporate-governance/senior-management/senior_management/,China Securities Regulatory Commission (CSRC),http://www.csrc.gov.cn,http://www.huijin-inv.cn/wps/portal/!ut/p/a1/04_Sj9CPykssy0xPLMnMz0vMAfGjzOL9DMwMDJ2DDbwMfB3dDBwtDFx9_Y29jPxDzYAKInErcPc2xqvf15SAfhMi9Tu7O3qYmPsYGBiYWBgZeLo4ebiYW_oaGHiaEaffAAdwNKDI_SAFBMIvXD8KnxJwCOJVYAJTgC8MwArweLIgNxQIIgwyPdMVAd_DIU4!/dl5/d5/L2dBISEvZ0FBIS9nQSEh/,https://www.banktrack.org/bank/agricultural_bank_of_china,39.90833,116.42696
Ahli United Bank,http://www.ahliunited.com,"Building 2495, Road 2832, Al Seef District 428,P.O. Box 2424 Manama",Bahrain,Adel A. El-Labban,https://www.ahliunited.com/about/management/adel-a-el-labban/,Central Bank of Bahrain,http://www.cbb.gov.bh/home.php,https://www.marketscreener.com/quote/stock/AHLI-UNITED-BANK-B-S-C-9059192/company/,https://www.banktrack.org/bank/ahli_united_bank,26.2362027,50.5405426
Akbank,http://www.akbank.com/en-us/Pages/default.aspx,"Sabanci Center 4.Levent,34330 Istanbul",Turkey,Hakan Binbasgil,http://www.akbank.com/en-us/investor-relations/Pages/Executive-Management.aspx,Central Bank of the Republic of Turkey,http://www.tcmb.gov.tr/yeni/eng/,https://www.sabanci.com/en,https://www.banktrack.org/bank/akbank,41.0850896,29.0101669
Allied Irish Banks (AIB),https://aib.ie/,"10 Molesworth Street,2 Dublin",Ireland,Colin Hunt,https://aib.ie/investorrelations/about-aib/corporate-governance,Central Bank of Ireland ,https://www.centralbank.ie,https://www.reuters.com/markets/deals/ireland-raises-305-million-euros-by-selling-5-aib-stake-2022-06-28/,https://www.banktrack.org/bank/allied_irish_banks_aib,53.34083769999999,-6.2571816
Arab African International Bank,http://www.aaib.com,"5 Midan Al Saray Al Koubra Garden City,11516  Cairo",Egypt,Sherif Elwy,https://aaib.com/media/Sherif-Elwy-Selected-as-CEO-of-Arab-African-International-Bank,Central Bank of Egypt,http://www.cbe.org.eg/,https://aaib.com/en/pages/About-AAIB,https://www.banktrack.org/bank/arab_african_international_bank,30.0321434,31.2292626
Attijariwafa Bank,https://www.attijariwafabank.com/en,"2 boulevard Moulay Youssef BP 11141,2000 Casablanca",Morocco,Mohamed El Kettani,https://www.attijariwafabank.com/en/media-space/news/mr-mohamed-el-kettani-chairman-and-chief-executive-officer-attijariwafa-bank-group,Bank Al-Maghrib,http://www.bkam.ma/,https://www.marketscreener.com/quote/stock/ATTIJARIWAFA-BANK-SA-41148801/company/,https://www.banktrack.org/bank/attijariwafa_bank,33.5903089,-7.6261349
Axis Bank,http://www.axisbank.com,"Bombay Dyeing Mills Compound, Pandurang Budhkar Marg, Worli,400 005 Mumbai",India,Shri Amithabh Chaudry,https://www.axisbank.com/media-centre/senior-management/amitabh-chaudhry,Reserve Bank of India,https://www.rbi.org.in/,https://www.axisbank.com/shareholders-corner/financial-results-and-other-information/quarterly-results/stock-information,https://www.banktrack.org/bank/axis_bank,19.0065934,72.8296254
BBVA,https://www.bbva.com/en/,"C. Sauceda, 28,28050 Madrid",Spain,Onur Genç,https://www.bbva.com/en/corporate-information/#organizational-chart,Banco de España,http://www.bde.es/homee.htm,https://shareholdersandinvestors.bbva.com/TLBB/tlbb/bbvair/ing/share/information/structure/index.jsp,https://www.banktrack.org/bank/bbva,40.5004166,-3.6628388
BNP Paribas,http://www.bnpparibas.com/en,"16, boulevard des Italiens,75009 Paris",France,Jean-Laurent Bonnafé,https://group.bnpparibas/en/group/about-us/governance/general-management-and-the-executive-committee/jean-laurent-bonnafe,Banque de France,http://www.banque-france.fr/,https://invest.bnpparibas.com/en/share-ownership,https://www.banktrack.org/bank/bnp_paribas,48.8717477,2.3376639
BNP Paribas Fortis,https://www.bnpparibasfortis.com/,"Warandeberg 3,B-1000 Brussels",Belgium,Michael Anseeuw,https://www.bnpparibasfortis.com/your-bank/directors,Nationale Bank van België,http://www.nbb.be/pub/index.htm,https://www.banktrack.org/bank/bnp_paribas,https://www.banktrack.org/bank/bnp_paribas_fortis,50.8458093,4.3599782
BNY Mellon,https://www.bnymellon.com,"1 Wall Street,10286 New York",United States,Robin Vince,https://www.bnymellon.com/us/en/about-us/leadership/vince.html,Federal Reserve,http://www.federalreserve.gov/,http://www.4-traders.com/BANK-OF-NEW-YORK-MELLON--11848/company/,https://www.banktrack.org/bank/bny_mellon,40.7075029,-74.011653
BPCE,http://www.bpce.fr/,"50, avenue Pierre Mendès France,75201 Paris",France,Nicolas Namias,https://www.groupebpce.fr/en/The-Group/Key-Facts/Biographies/Laurent-Mignon,Banque de France,http://www.banque-france.fr/,https://groupebpce.com/en/the-group/organization,https://www.banktrack.org/bank/bpce_group,48.8396858,2.3696388
BTG Pactual,http://www.btgpactual.com,"Av. Brigadeiro Faria Lima, 3.477 14º Andar - Itaim Bibi,04538-133  São Paulo",Brazil,Roberto Sallouti,https://ri.btgpactual.com/en/corporate-governance/management-and-board-of-directors/,Banco Central do Brasil,http://www.bcb.gov.br/?english,https://www.marketscreener.com/quote/stock/BANCO-BTG-PACTUAL-S-A-10162394/company/,https://www.banktrack.org/bank/btg_pactual,-23.5890583,-46.68146549999999
Banco Bradesco,https://www.bradescori.com.br/en/,"Cidade de Deus, Prédio Novo, Vila Yara,06029-900 Osasco São Paulo",Brazil,Octavio de Lazari Junior,https://api.mziq.com/mzfilemanager/v2/d/80f2e993-0a30-421a-9470-a4d5c8ad5e9f/679814a0-a264-4a29-8b38-6128fae1fee9?origin=2,Banco Central do Brasil,http://www.bcb.gov.br/?english,https://fintel.io/so/us/bbd,https://www.banktrack.org/bank/banco_bradesco,-23.5477966,-46.7718094
Banco Galicia,http://www.bancogalicia.com,"Tte. Gral. Juan D. Perón 407,C1038AAI Buenos Aires",Argentina,Fabian Kon,https://www.bancogalicia.com/banca/wcm/connect/4590469e-0ca4-4982-b2cf-d08043fa97c1/CV-Fabia%CC%81n-Kon.pdf?MOD=AJPERES&CVID=lZPadtw,Banco Central de la Republica Argentina,http://www.bcra.gov.ar/index_i.htm,https://www.marketscreener.com/quote/stock/GRUPO-FINANCIERO-GALICIA-445869/company/,https://www.banktrack.org/bank/banco_galicia,-34.6053082,-58.3725241
Banco Mercantil del Norte (Banorte),http://www.banorte.com,"Avenue Revolucion 3000,NL 64830 Monterrey",Mexico,Jose Marcos Ramirez Miguel,https://www.banorte.com/wps/portal/gfb/Home/investor-relations/corporate-practices/executive-board/!ut/p/a1/jZFBDoIwEEUPZKQjINZlQQTUiIlBsBtTtFYSbLWi5xeMWyuzm-S95P8ZRFGBqGSvSrCmUpLV3U69Q2SPcOwEsIxmHgYSppNNmAYj2DktsDcAidfPDyISu5MVQOpGNhC8Xrjb8dTu7cOPIfDPzxE1Il0CIwDuFzB1-ACGkAtERa3K9uC5335gkGlfdNWILB0sENX8zDXX1kU9GlSUz8f9yU_MKplUuuHWUV3R7ZplBVTJkM7FG2pkwWU!/dl5/d5/L2dBISEvZ0FBIS9nQSEh/,Comision Nacional Bancaria y de Valores,http://www.gob.mx/cnbv,https://www.marketscreener.com/GRUPO-FINANCIERO-BANORTE-6493070/company/,https://www.banktrack.org/bank/banco_mercantil_del_norte,25.65331,-100.2803447
Banco Sabadell,https://www.grupbancsabadell.com/en/,"Avenida Óscar Esplá 37,03007 Alicante",Spain,César González-Bueno Mayer,http://prensa.bancsabadell.com/en/Press-kit/Management-team,Banco de España,http://www.bde.es/homee.htm,https://www.marketscreener.com/BANCO-DE-SABADELL-S-A-260497/company/,https://www.banktrack.org/bank/banco_sabadell,38.3428672,-0.4947509999999999
Santander,http://www.santander.com,"Santander Group City. Avda. de Cantabria s/n,28660 Boadilla del Monte, Madrid",Spain,Mr. José Antonio Álvarez  Álvarez,https://www.santander.com/en/shareholders-and-investors/corporate-governance/board-of-directors/mr-jose-antonio-alvarez-alvarez,Banco de España,http://www.bde.es/homee.htm,https://www.marketscreener.com/BANCO-SANTANDER-69308/company/,https://www.banktrack.org/bank/santander,40.3929411,-3.8571184
Banco Votorantim,https://www.bancovotorantim.com.br,"Av. das Nações Unidas, Torre A - 18° andar - Vila Gertrudes 141,1000 Sao Paolo",Brazil,Gabriel Ferreira,https://www.bloomberg.com/profile/person/21243225,Banco Central do Brasil,http://www.bcb.gov.br/?english,http://www.votorantim.com.br,https://www.banktrack.org/bank/banco_votorantim,-23.620036,-46.7001447
Banco de Crédito del Perú (BCP),https://www.viabcp.com,"Calle Centenario 156, La Molina,12 Lima",Peru,None,None,"Superintendencia de Banca, Seguros y AFP Peru",http://www.sbs.gob.pe/,https://www.banktrack.org/bank/credicorp,https://www.banktrack.org/bank/banco_de_credito_del_peru_bcp_,-12.0689487,-76.9364545
Banco de la República Oriental del Uruguay,https://www.portal.brou.com.uy/,"Calle Cerrito 351,11000 Montevideo",Uruguay,Salvador Ferrer,https://www.portal.brou.com.uy/institucional/el-banco,Banco Central del Uruguay,http://www.bcu.gub.uy/Paginas/Default.aspx,None,https://www.banktrack.org/bank/banco_de_la_republica_oriental_del_uruguay,-34.9055303,-56.2086001
Banco do Brasil,http://www.bb.com.br,"SBS Quadra 01 Bloco G ed. sede III - 24° Andar Setor Bancario Sul,70074-900  Brasilia",Brazil,Fausto de Andrade Ribeiro,https://ri.bb.com.br/en/corporate-governance-and-sustainability/executive-board/,None,None,https://ri.bb.com.br/en/banco-do-brasil/ownership-structure/,https://www.banktrack.org/bank/banco_do_brasil,-15.8002229,-47.8830486
BancoEstado,http://www.bancoestado.cl,"Av. Libertador Bernardo O'Higgins nº1111,Santiago",Chile,Juan Cooper Alvarez,https://www.corporativo.bancoestado.cl/investor-relations/newsroom/news/2018/4724,None,None,None,https://www.banktrack.org/bank/bancoestado,-33.4493363,-70.6736684
Bancolombia,https://www.grupobancolombia.com,"Calle 50 No. 51-66,Medellin",Colombia,Juan Carlos Mora Uribe,https://www.grupobancolombia.com/corporativo/gobierno-corporativo/junta-directiva-alta-gerencia/juan-carlos-mora-uribe,Banco de la Republica Colombia,http://www.banrep.gov.co/index_eng.html,https://www.marketscreener.com/quote/stock/BANCOLOMBIA-S-A-15657686/company/,https://www.banktrack.org/bank/bancolombia_s_a_,6.2502341,-75.56898439999999
Bangkok Bank,https://www.bangkokbank.com/,"333 Silom Rd,10500 Bangkok",Thailand,Chatri Sophonpanich,https://www.bangkokbank.com/en/About-Us/Board-Directors/Mr-CHARTSIRI-SOPHONPANICH,Bank of Thailand,http://www.bot.or.th/English/Pages/BOTDefault.aspx,https://www.bangkokbank.com/en/Investor-Relations/Shareholder-Information,https://www.banktrack.org/bank/bangkok_bank,13.7264588,100.5303996
Bank Hapoalim,http://www.bankhapoalim.com/,"50 Rothschild Boulevard,61025  Tel Aviv",Israel,Dov Kotler,https://www.bankhapoalim.com/en/about-us/board-of-management,Bank of Israel,http://www.boi.org.il/en/Pages/Default.aspx,https://www.arisoninvestments.com/,https://www.banktrack.org/bank/bank_hapoalim,32.0680926,34.7781121
Bank Leumi,https://english.leumi.co.il/,"24-32 Yehuda Halevi St.,65546 Tel-Aviv",Israel,Hanan Friedman,https://english.leumi.co.il/WnnnWn/16641/,Bank of Israel,http://www.boi.org.il/en/Pages/Default.aspx,https://www.marketscreener.com/quote/stock/BANK-LEUMI-LE-ISRAEL-BM-6491695/company/,https://www.banktrack.org/bank/bank_leumi,32.0614465,34.7704108
Bank Mandiri,https://bankmandiri.co.id/,"Plaza Mandiri, Jl. Jend. Gatot, Subroto Kav. 36-38,12190 Jakarta",Indonesia,Darmawan Junaidi,https://bankmandiri.co.id/en/web/guest/dewan-komisaris-direksi,Indonesian Financial Services Authority (OJK),https://www.ojk.go.id/Default.aspx,https://www.marketscreener.com/quote/stock/PT-BANK-MANDIRI-PERSERO-6496346/company/,https://www.banktrack.org/bank/bank_mandiri,-6.224946999999999,106.8145192
Bank Muscat,http://www.bankmuscat.com,"Markaz Al Tejari Street P.O. Box No.134 Post Ruwi,Muscat",Oman,Sheikh Waleed Khamis Al Hashar,https://www.bankmuscat.com/en/about/pages/management.aspx#,Central Bank of Oman,http://www.cbo-oman.org/,https://www.bankmuscat.com/en/investorrelations/pages/shareholder.aspx,https://www.banktrack.org/bank/bank_muscat,23.604243,58.54577759999999
Bank Negara Indonesia (BNI),http://www.bni.co.id,"Jl. Jenderal Sudirman Kav. 1,10220 Jakarta",Indonesia,Royke Tumilaar,https://www.bni.co.id/en-us/company/aboutbni/director,Indonesian Financial Services Authority (OJK),https://www.ojk.go.id/Default.aspx,https://www.marketscreener.com/quote/stock/PT-BANK-NEGARA-INDONESIA-6493911/company/,https://www.banktrack.org/bank/bank_negara_indonesia,-6.2193576,106.8140046
Bank Rakyat Indonesia (BRI),http://www.bri.co.id/,"Jl. Jenderal Sudirman Kav.44-46,10210 Jakarta",Indonesia,Sunarso,https://www.ir-bri.com/management.html,Bank Indonesia,http://www.bi.go.id/web/en,https://www.ir-bri.com/ownership.html,https://www.banktrack.org/bank/bank_rakyat_indonesia,-6.2757397,106.8365054
Bank SinoPac,https://bank.sinopac.com/sinopacBT/en/index.html,"No. 36, Nanking East Road, Sec. 3,Taipei City","Taiwan, Republic of China",Eric Chuang,https://bank.sinopac.com/sinopacBT/en/about/tagList20180102210052310000000000000533.html,Central Bank of the Republic of China (Taiwan) ,http://www.cbc.gov.tw,https://www.marketscreener.com/quote/stock/SINOPAC-FINANCIAL-HOLDING-6495027/company/,https://www.banktrack.org/bank/bank_sinopac,25.0607521,121.5874067
Bank of Africa - BMCE Group,https://www.bankofafrica.ma/en/bank-of-africa,"140, Avenue Hassan II,P.O. Box 13425 Casa Casablanca",Morocco,Othman Benjelloun,https://www.ir-bankofafrica.ma/le-groupe/qui-sommes-nous/mot-du-president,Bank Al-Maghrib,http://www.bkam.ma/,https://www.bmcebank.ma/en/bmce-group/our-banking-group/management/shareholding-structure,https://www.banktrack.org/bank/bmce_bank,33.5844394,-7.623198599999998
Bank of America,http://www.bankofamerica.com,"100 North Tryon Street,28255 Charlotte, NC",United States,Brian T. Moynihan,https://about.bankofamerica.com/en-us/who-we-are/brian-moynihan-biography.html#fbid=mqiMZ3Uf4dh,Federal Reserve,http://www.federalreserve.gov/,https://www.nasdaq.com/symbol/bac/ownership-summary,https://www.banktrack.org/bank/bank_of_america,35.227044,-80.842073
Bank of China,http://www.boc.cn/en/index.html,"No.1 Fuxingmen Nei Street, Xicheng District,100818  Beijing",China,Liu Liange,https://www.boc.cn/en/investor/ir6/201504/t20150402_4830133.html,People's Bank of China,http://www.pbc.gov.cn/english/,http://www.huijin-inv.cn/wps/portal/!ut/p/a1/04_Sj9CPykssy0xPLMnMz0vMAfGjzOL9DMwMDJ2DDbwMfB3dDBwtDFx9_Y29jPxDzYAKInErcPc2xqvf15SAfhMi9Tu7O3qYmPsYGBiYWBgZeLo4ebiYW_oaGHiaEaffAAdwNKDI_SAFBMIvXD8KnxJwCOJVYAJTgC8MwArweLIgNxQIIgwyPdMVAd_DIU4!/dl5/d5/L2dBISEvZ0FBIS9nQSEh/,https://www.banktrack.org/bank/bank_of_china,39.9073,116.36566
Bank of Chongqing,http://www.cqcbank.com/cn/home/index.html,"No. 6 Yongpingmen Street Chengxi Avenue Jiangbei District,400024 Chongqing Sichuan",China,None,None,China Banking and Investment Regulatory Commission (CBIRC),https://www.cbirc.gov.cn/en/view/pages/index/index.html,https://www.marketscreener.com/quote/stock/BANK-OF-CHONGQING-CO-LT-14821650/company/,https://www.banktrack.org/bank/bank_of_chongqing,29.57526,106.56844
Bank of Communications,http://www.bankcomm.com/BankCommSite/shtml/jyjr/en/2600212/list.shtml?channelId=,"188 Yinchengzhong Road,200120 Shanghai",China,Ren Deqi,https://www.bankcomm.com/BankCommSite/shtml/jyjr/en/2600223/2600231/2600345/list.shtml?channelId=2600234,China Banking and Investment Regulatory Commission (CBIRC),https://www.cbirc.gov.cn/en/view/pages/index/index.html,http://www.bankcomm.com/BankCommSite/shtml/jyjr/en/2600223/2600238/2600348/list.shtml?channelId=2600238,https://www.banktrack.org/bank/bank_of_communications,31.2272126,121.5159298
Bank of Guizhou,https://english.bgzchina.com/,"No. 149 South Zhonghua Road,GUZ  550001 Guiyang",China,An Xu,https://www.wsj.com/market-data/quotes/HK/XHKG/6199/company-people/executive-profile/182880408,China Banking and Investment Regulatory Commission (CBIRC),https://www.cbirc.gov.cn/en/view/pages/index/index.html,https://www.barrons.com/quote/stock/hk/xhkg/6199,https://www.banktrack.org/bank/bank_of_guizhou,26.59821,106.70738
Bank of Huzhou,http://www.hzccb.net/portal/zh_CN/home/index.html,"471-475 South Street,313000  Huzhou",China,None,None,Central Bank of the Republic of China (Taiwan) ,http://www.cbc.gov.tw,http://www.sjfzxm.com/global/en/561790.html,https://www.banktrack.org/bank/bank_of_huzhou,30.861388,120.099317
Bank of India,http://www.bankofindia.co.in,"Star House C-5 400 051,Mumbai",India,Shri Atanu Kumar Das,https://www.bankofindia.co.in/MDandCEO,Reserve Bank of India,https://www.rbi.org.in/,None,https://www.banktrack.org/bank/bank_of_india,19.05961,72.8552983
Bank of Jiangsu,http://www.jsbchina.cn,"26 Zhonghua Road,PC 210001 Nanjing",China,Xia Ping,https://www.bloomberg.com/profiles/people/16357631-ping-xia,People's Bank of China,http://www.pbc.gov.cn/english/,https://www.marketscreener.com/BANK-OF-JIANGSU-CO-35806841/company/?iCStream=1,https://www.banktrack.org/bank/bank_of_jiangsu,33.01441,119.66775
Bank of Montreal,http://www.bmo.com/home,"1 First Canadian Place,ON M5X 1H3 Toronto",Canada,Darryl White,https://www.bmo.com/home/about/banking/corporate-information/executive-bios/darryl-white,Bank of Canada,http://www.bank-banque-canada.ca/en,https://money.cnn.com/quote/shareholders/shareholders.html?symb=BMO&subView=institutional,https://www.banktrack.org/bank/bmo_financial_group,43.6488906,-79.38087259999999
Bankinter,http://www.bankinter.com,"Paseo de la Castellana 29,28046 Madrid",Spain,María Dolores Dancausa Treviño,https://webcorporativa.bankinter.com/www2/corporativa/es/gobierno_corporativo/consejo_administracion/miembros_consejo,Banco de España,http://www.bde.es/homee.htm,https://www.marketscreener.com/quote/stock/BANKINTER-S-A-410428/company/,https://www.banktrack.org/bank/bankinter,40.4309218,-3.6896221
Banque Misr,http://www.banquemisr.com,"151 Mohamed Farid St.,Cairo",Egypt,Mohamed Mahmoud Eletreby,https://www.banquemisr.com/en/about-us/board-members?csrt=4937857629784372591,None,None,https://www.banquemisr.com/en/aboutus/Documents/Banque%20Profile/Corporate%20profile.pdf,https://www.banktrack.org/bank/banque_misr,30.0479921,31.2443272
Banque Populaire,https://www.groupebcp.com/EN,"01, boulevard Mohamed Zerktouni – BP 10.622,20100 Casablanca",Morocco,Mohamed Karim Mounir,https://www.groupebcp.com/EN/about-us/governance/management-committee,Bank Al-Maghrib,http://www.bkam.ma/,https://www.marketscreener.com/quote/stock/BANQUE-CENTRALE-POPULAIRE-6498628/company/,https://www.banktrack.org/bank/banque_populaire,33.5827971,-7.616402199999999
Barclays,http://www.barclays.com,"1 Churchill Place E14 5HP London,London",United Kingdom,C.S. Venkatakrishnan,https://home.barclays/who-we-are/structure-and-leadership/leadership/c-s-venkatakrishnan/,Bank of England,http://www.bankofengland.co.uk/,https://www.marketscreener.com/BARCLAYS-9583556/company/,https://www.banktrack.org/bank/barclays,51.5050431,-0.0144776
BayernLB,https://www.bayernlb.com/internet/en/blb/resp/index.jsp,"Brienner Straße 18,80333 München",Germany,Stephan Winkelmeier,https://www.bayernlb.com/internet/en/blb/resp/about_us/gremien_1/vorstand_7/vorstand.jsp,Bundesbank,http://www.bundesbank.de/,https://www.bayernlb.com/internet/en/blb/resp/about_us/who_we_are/kurzportrait_2/kurzportrait_1.jsp,https://www.banktrack.org/bank/bayernlb,48.1449075,11.5733041
Belfius,https://www.belfius.com/EN/index.aspx,"Place Charles Rogier 11,1210 Brussels",Belgium,Marc Raisière,https://www.belfius.com/EN/company-profile/who-we-are/management-staff/directors/marc-raisiere/index.aspx,Nationale Bank van België,http://www.nbb.be/pub/index.htm,https://www.sfpim.be/,https://www.banktrack.org/bank/belfius,50.8565062,4.3594062
CIBanco,http://www.cibanco.com,"Paseo de las Palmas 215,Distrito Federal 110 Mexico City",Mexico,Mario Maciel Castro,https://mx.linkedin.com/in/mario-maciel-0a105528?challengeId=AQEg9IkFdOzVrwAAAXVF2DmDJcbFv3MYerLOFPOAiU9Q_raFXklBAVBkqJGH8HQ7D2G79tDu1mdZc46XUCA5WB31kWmCsd-vZA&submissionId=cda3188a-feb0-3f16-2a74-2cfab660fc03,Banco de Mexico,http://www.banxico.org.mx/indexEn.html,http://www.cibanco.com/DOC/ESTADOSFINANCIEROS/CI%20BANCO%20CONSOLIDADO%202017.pdf,https://www.banktrack.org/bank/cibanco,19.4309178,-99.2098939
CIFI,https://www.cifi.com/2020/en/,"MMG Tower, Costa del Este, 13th floor Office 13ª, Roberto Motta Avenue,Panama City",Panama,Cesar Cañedo Arguelles,https://www.cifi.com/en/corporate-governance/,Superintendency of Banks of Panama,https://www.superbancos.gob.pa/en,https://www.cifi.com/en/who-we-are/,https://www.banktrack.org/bank/cifi,9.0145412,-79.4590633
CIMB Group,http://www.cimb.com,"Jalan Raja Laut,50350   Kuala Lumpur",Malaysia,Dato' Abdul Rahman Ahmad,https://www.cimb.com/en/who-we-are/leadership/board-of-directors/cimb-group/dato-abdul-rahman-ahmad.html,Central Bank of Malaysia,https://www.bnm.gov.my/index.php?ch=fs&pg=fs_spv&ac=396,https://www.cimb.com/en/investor-relations/shareholding-information.html,https://www.banktrack.org/bank/cimb,3.1623577,101.6956965
CTBC Bank,https://www.ctbcbank.com,"27F, 29F., No. 168, Jingmao 2nd Rd. Nangang Dist.,115 Taipei City","Taiwan, Republic of China",Larry Hsu,https://www.ctbcbank.com/twrbo/en_tw/index_en.html,Central Bank of the Republic of China (Taiwan) ,http://www.cbc.gov.tw,http://ir.ctbcholding.com/html/shareholder_structure.php,https://www.banktrack.org/bank/ctbc_bank,25.0588828,121.6154127
Caixa Econômica Federal,http://www.caixa.gov.br/Paginas/home-caixa.aspx,"SBS Quadra 4 Lotes 3 E 4 Edificio Sede 21,Brasilia",Brazil,Pedro Duarte Guimarães,http://www.caixa.gov.br/sobre-a-caixa/governanca-corporativa/Paginas/diretoria.aspx,Banco Central do Brasil,http://www.bcb.gov.br/?english,None,https://www.banktrack.org/bank/caixa_economica_federal,-15.8031874,-47.8837315
CaixaBank,http://www.caixabank.com,"Avda Diagonal 621-629,08028 Barcelona",Spain,Mr. Gonzalo Gortázar Rotaeche,https://www.caixabank.com/en/shareholders-investors/corporate-governance/board-directors.html,Banco de España,http://www.bde.es/homee.htm,https://www.criteriacaixa.com/home/home_en.html,https://www.banktrack.org/bank/CaixaBank,41.3876195,2.1266636
CIBC,https://www.cibc.com/en/,"Commerce Court,M5L 1A2 Toronto",Canada,Victor G. Dodig,https://www.cibc.com/en/about-cibc/corporate-profile/executive-team/victor-dodig.html,Bank of Canada,http://www.bank-banque-canada.ca/en,https://money.cnn.com/quote/shareholders/shareholders.html?symb=CM&subView=institutional,https://www.banktrack.org/bank/cibc,43.6481326,-79.37950889999999
Cathay United Bank,http://www.cathaybk.com.tw,"1F no 7, Songren Road 110,Taipei City","Taiwan, Republic of China",Andrew Ming-Jian Kuo,https://www.cathaybk.com.tw/en-us/cathaybk/english/about-us/about-us/corporate-governance/,Central Bank of the Republic of China (Taiwan) ,http://www.cbc.gov.tw,https://www.marketscreener.com/CATHAY-FINANCIAL-HOLDING-6492306/company/,https://www.banktrack.org/bank/cathay_united_bank,25.0382648,121.5691703
China CITIC Bank,http://www.citicbank.com,"Fuhua Mansion Block C, No. 8 Choayangmen Beidajie, Dongcheng District,100027 Beijing",China,Fang Heying,http://www.citicbank.com/about/survey_1/about_SeniorManagement/,China Banking and Investment Regulatory Commission (CBIRC),https://www.cbirc.gov.cn/en/view/pages/index/index.html,https://www.marketscreener.com/quote/stock/CHINA-CITIC-BANK-CORPORAT-6499609/company/,https://www.banktrack.org/bank/china_citic_bank,39.9426999,116.45
China Construction Bank,http://en.ccb.com/en/home/indexv3.html,"25 Finance Street, Xicheng District,Beijing",China,Tian Guoli,http://en.ccb.com/en/investorv3/biographiesofdirectors/biogofdirectors.html?ptId=2&ctId=3>Id=2,China Banking and Investment Regulatory Commission (CBIRC),https://www.cbirc.gov.cn/en/view/pages/index/index.html,http://www.huijin-inv.cn/wps/portal/!ut/p/a1/04_Sj9CPykssy0xPLMnMz0vMAfGjzOL9DMwMDJ2DDbwMfB3dDBwtDFx9_Y29jPxDzYAKInErcPc2xqvf15SAfhMi9Tu7O3qYmPsYGBiYWBgZeLo4ebiYW_oaGHiaEaffAAdwNCDk_3D9KHxKwCGAV4EJTAE-P4AV4HFkQW5oaGiEQaZnuqIiAF07oL0!/dl5/d5/L2dBISEvZ0FBIS9nQSEh/,https://www.banktrack.org/bank/china_construction_bank,39.90710989999999,116.37415
China Development Bank,http://www.cdb.com.cn/English/,"18 Fuxingmennei Street, Xicheng District,100031 Beijing",China,Zhao Huan,http://www.cdb.com.cn/English/gykh_512/ldbz/,China Banking and Investment Regulatory Commission (CBIRC),https://www.cbirc.gov.cn/en/view/pages/index/index.html,http://www.cdb.com.cn/English/gykh_512/khjj/,https://www.banktrack.org/bank/china_development_bank,39.90713,116.3724
China Everbright Bank,http://www.cebbank.com,"China Everbright Center, 25 Taipingqiao Avenue,Xicheng District, Beijing",China,Wang Jiang,http://www.cebbank.com/site/ceb_homepage33/investor_relations3/corporate_governance8/board_of_directors60/index.html,China Banking and Investment Regulatory Commission (CBIRC),https://www.cbirc.gov.cn/en/view/pages/index/index.html,https://www.marketscreener.com/quote/stock/CHINA-EVERBRIGHT-BANK-COM-6588153/company/,https://www.banktrack.org/bank/china_everbright_bank,39.91756600000001,116.36433
China Merchants Bank,http://english.cmbchina.com/,"China Merchants Bank Tower, No 7088, Shennan Boulevard,518040 Shenzhen",China,Miao Jianmin,http://english.cmbchina.com/CmbInfo/About/DetailInfo.aspx?guid=9f94ec0e-c264-496d-81d4-e39543da6f3e,China Banking and Investment Regulatory Commission (CBIRC),https://www.cbirc.gov.cn/en/view/pages/index/index.html,https://www.marketscreener.com/quote/stock/CHINA-MERCHANTS-BANK-CO--6495751/company/,https://www.banktrack.org/bank/china_merchants_bank,22.5367764,114.0225421
China Minsheng Bank,http://en.cmbc.com.cn/,"2 Fuxingmen Nei Street, Xicheng District,100031 Beijing",China,Zheng Wanchun,http://en.cmbc.com.cn/CMBCToday/AboutCMBC/ManagementTeam/index.htm,China Banking and Investment Regulatory Commission (CBIRC),https://www.cbirc.gov.cn/en/view/pages/index/index.html,https://www.marketscreener.com/quote/stock/CHINA-MINSHENG-BANKING-CO-6493874/company/,https://www.banktrack.org/bank/china_minsheng_bank,39.90713,116.3724
Chongqing Rural Commercial Bank,http://www.cqrcb.com,"36 Jinshamen Road,400023 Jiangbei",China,None,None,Central Bank of the Republic of China (Taiwan) ,http://www.cbc.gov.tw,https://www.marketscreener.com/quote/stock/CHONGQING-RURAL-COMMERCIA-7012145/company/,https://www.banktrack.org/bank/chongqing_rural_commercial_bank,29.57014,106.57246
Citi,http://www.citigroup.com,"388 Greenwich Street,10013 New York",United States,Jane Fraser,https://www.citigroup.com/citi/about/leaders/jane-fraser-bio.html,Federal Reserve,http://www.federalreserve.gov/,https://money.cnn.com/quote/shareholders/shareholders.html?symb=C&subView=institutional,https://www.banktrack.org/bank/citi,40.72067819999999,-74.0111516
Commercial Bank of Ceylon,https://www.combank.lk,"Commercial House,  No 21, Sir Razik Fareed Mawatha, P.O. Box 856,01 Colombo",Sri Lanka,Sanath Manatunge,https://www.combank.lk/about-us#our-leaders,Central Bank of Sri Lanka,https://www.cbsl.gov.lk/,https://www.marketscreener.com/quote/stock/COMMERCIAL-BANK-OF-CEYLON-6496387/company/,https://www.banktrack.org/bank/commercial_bank_of_ceylon,6.9355844,79.845824
Commercial International Bank (CIB),https://ir.cibeg.com/en,"Nile Tower Building, 21/23 Charles De Gaulle, Giza,Cairo",Egypt,Hussein Abaza,https://ir.cibeg.com/en/board-of-directors,Central Bank of Egypt,http://www.cbe.org.eg/,https://english.mubasher.info/markets/EGX/stocks/COMI/profile,https://www.banktrack.org/bank/commercial_international_bank_cib,30.0216182,31.2166042
Commerzbank,https://www.commerzbank.com/,"Kaiserplatz,60261 Frankfurt am Main",Germany,Manfred Knof,https://www.commerzbank.com/en/hauptnavigation/konzern/management_1/vorstand/index.html,Bundesbank,http://www.bundesbank.de/,https://www.commerzbank.com/en/hauptnavigation/aktionaere/aktie/aktionaersstruktur/aktionaere.html,https://www.banktrack.org/bank/commerzbank,50.1109221,8.6821267
Commonwealth Bank,http://www.commbank.com.au,"11 Harbour Street,NSW 2000 Sydney",Australia,Matt Comyn,https://www.commbank.com.au/about-us/our-company/management/matt-comyn.html,Reserve Bank of Australia,http://www.rba.gov.au/,https://money.cnn.com/quote/shareholders/shareholders.html?symb=CMWAY&subView=institutional,https://www.banktrack.org/bank/commonwealth_bank,-33.8750672,151.2029098
Credicorp,https://credicorp.gcs-web.com/,"Clarendon House, 2 Church Street P.O. Box HM 666,Hamilton",Bermuda,Gianfranco Ferrari,https://credicorp.gcs-web.com/corporate-governance/management,"Superintendencia de Banca, Seguros y AFP Peru",http://www.sbs.gob.pe/,https://money.cnn.com/quote/shareholders/shareholders.html?symb=BAP&subView=institutional,https://www.banktrack.org/bank/credicorp,32.2935695,-64.7878061
Credit Suisse,http://www.credit-suisse.com,"Paradeplatz 8,8070 Zurich",Switzerland,Ulrich Körner,https://www.credit-suisse.com/about-us/en/our-company/our-management/executive-board.html,FINMA,http://www.finma.ch/e/pages/default.aspx,https://www.marketscreener.com/quote/stock/CREDIT-SUISSE-GROUP-AG-9364979/company/,https://www.banktrack.org/bank/credit_suisse,47.3699337,8.538648199999999
Crédit Agricole,http://www.credit-agricole.com/en,"114, avenue de la République,92120 Montrouge",France,Philippe Brassac,https://www.credit-agricole.com/en/group/governance,Banque de France,http://www.banque-france.fr/,None,https://www.banktrack.org/bank/credit_agricole,48.8138775,2.3163947
Crédit Mutuel,https://www.creditmutuel.fr/,"34 rue Wacken,67000 Strasbourg",France,Nicolas Théry,https://www.creditmutuel.com/fr/notre-gouvernance,Banque de France,http://www.banque-france.fr/,None,https://www.banktrack.org/bank/credit_mutuel,48.6005693,7.7585948
DBS,http://www.dbs.com/,"12 Marina Boulevard, Marina Bay Financial Centre Tower 3, Level 3,018992",Singapore,Piyush Gupta,https://www.dbs.com/Bod/bod-piyush-gupta?pid=sg-group-pweb-about-cardtiles-leadership-piyush-gupta,Monetary Authority of Singapore (MAS),http://www.mas.gov.sg/,https://www.dbs.com/annualreports/2018/downloads/FA_DBS_AR18_210-211-shareholder-statistics.pdf,https://www.banktrack.org/bank/dbs,1.2792145,103.854603
DNB,https://www.dnb.no/en,"Dronning Eufemias Gate 30,0191 Oslo",Norway,Kjerstin Braathen,https://www.dnb.no/en/about-us/about-dnb/group-management.html,Norges Bank,http://www.norges-bank.no,https://www.ir.dnb.no/share/largest-shareholders,https://www.banktrack.org/bank/dnb,59.90810889999999,10.7604842
DZ Bank,http://www.dzbank.com/,"Platz der Republik,60265 Frankfurt am Main Hessen",Germany,Uwe Fröhlich and Cornelius Riese,https://www.dzbank.com/content/dzbank/en/home/dz-bank/profile/corporate-management/board-of-managingdirectors.html,Federal Financial Supervisory Authority (BaFin),http://www.bafin.de,https://www.dzbank.com/content/dzbank/en/home/dz-bank/profile.html,https://www.banktrack.org/bank/dz_bank,50.1097299,8.6605531
Danske Bank,http://www.danskebank.com,"Holmens Kanal 2-12,1092 Copenhagen",Denmark,Carsten Egeriis,https://danskebank.com/about-us/management,Danish FSA,http://www.finanstilsynet.dk/en.aspx,https://www.marketscreener.com/quote/stock/DANSKE-BANK-A-S-1412871/company/,https://www.banktrack.org/bank/danske_bank,55.6780883,12.5854902
De Volksbank,https://www.devolksbank.nl/home.html,"Croeselaan 1,3521 BJ  Utrecht",Netherlands,Martijn Gribnau,https://www.devolksbank.nl/en/about-us/directie-de-volksbank/martijn-gribnau,De Nederlandsche Bank,http://www.dnb.nl,http://www.nlfi.nl/,https://www.banktrack.org/bank/de_volksbank,52.08885429999999,5.1042723
DekaBank,https://www.deka.de/deka-group,"Mainzer Landstraße 16,60325  Frankfurt am Main",Germany,Georg Stocker,https://www.deka.de/site/dekade_deka-gruppe_site/get/documents_E78528157/dekade/medienpool_dekade/deka_gruppe/en/Documents/About/Management/Kurzlebenslauf_Stocker_englisch.pdf,Bundesbank,http://www.bundesbank.de/,https://www.deka.de/site/dekade_deka-gruppe_site/get/params_E-30471590/11085465/Issuer%20Profile%20-%20DekaBank-Deutsche-Girozentrale%20-%2021Dec21.pdf,https://www.banktrack.org/bank/dekabank,50.1127593,8.6670257
Denmarks Export Credit Agency,http://www.ekf.dk,"Lautrupsgade 11,2100 Kopenhagen",Denmark,Peder Lundquist,https://www.ekf.dk/en/about-ekf/ekf-s-organisation/management,None,None,None,https://www.banktrack.org/bank/eksport_kredit_fonden,55.7106145,12.5892926
Desjardins Group,https://www.desjardins.com,"100 Des Commandeurs Street,QC G6V 7N5 Lévis",Canada,Guy Cormier,https://www.desjardins.com/ca/about-us/desjardins/governance-democracy/guy-cormier/index.jsp,Superintendent of Financial Institutions (OSFI),http://www.osfi-bsif.gc.ca/,https://www.desjardins.com/ca/about-us/desjardins/who-we-are/group-caisses/index.jsp,https://www.banktrack.org/bank/caisse_de_economie_solidaire_desjardins,46.8017374,-71.1697203
Deutsche Bank,http://www.db.com,"Taunusanlage 12,60325 Frankfurt am Main",Germany,Christian Sewing,https://www.db.com/who-we-are/boards-and-committees/management-board,None,None,https://www.db.com/ir/en/shareholder-structure.htm,https://www.banktrack.org/bank/deutsche_bank,50.113816,8.6681872
E.SUN Bank,http://www.esunbank.com.tw,"No.117, Sec.3, Minsheng E.Rd.,105-46 Taipei","Taiwan, Republic of China",N.C. Huang,https://www.esunfhc.com/en/about-esun/intro/leadership,Central Bank of the Republic of China (Taiwan) ,http://www.cbc.gov.tw,http://www.4-traders.com/E-SUN-FINANCIAL-HOLDING-C-6495640/company/,https://www.banktrack.org/bank/e_sun_commercial_bank,25.0580834,121.546484
Ecobank,http://www.ecobank.com/group/,"2365 Boulevard du Mono B.P. 3261,Lomé",Togo,Ade Ayeyemi,https://www.ecobank.com/group/about-us/leadership,Banque Centrale des Etats de l'Afrique de l'Ouest,https://www.bceao.int/fr,https://www.marketscreener.com/ECOBANK-TRANSNATIONAL-INC-11978898/company/,https://www.banktrack.org/bank/ecobank,6.127804,1.237757
Erste Group Bank,http://www.erstegroup.com,"Am Belvedere 1,1100 Vienna",Austria,Bernhard Spalt,https://www.erstegroup.com/en/news-media/erstegroup-at-a-glance,Oesterreichische Nationalbank,https://www.oenb.at/en/,http://www.erstegroup.com/en/About-us/ShareholderStructure,https://www.banktrack.org/bank/erste_group,48.1873887,16.3792671
Export Development Canada,http://www.edc.ca,"150 Slater Street,ON K1A 1K3 Ottawa",Canada,Mairead Lavery,https://www.edc.ca/en/about-us/corporate/management-governance.html,None,None,None,https://www.banktrack.org/bank/export_development_canada,45.420194,-75.6974798
Export Finance Australia,http://www.efic.gov.au,"Level 10 Export House 22 Pitt Street,2000  Sydney",Australia,John Hopkins,https://www.exportfinance.gov.au/our-organisation/our-organisation/our-team/our-executive/,None,None,None,https://www.banktrack.org/bank/efic,-33.8620345,151.2093584
Export Finance Norway,https://www.eksfin.no,"Støperigata 1,0250 Oslo",Norway,Tone Lund Bakker,https://www.eksfin.no/en/about/management/,None,None,None,https://www.banktrack.org/bank/export_credit_norway,59.9105607,10.7244903
Export-Import Bank of the United States (EXIM),http://www.exim.gov/,"811 Vermont Avenue NW,20571 Washington DC",United States,Reta Jo Lewis,https://www.exim.gov/leadership-governance/officers/reta-jo-lewis,None,None,None,https://www.banktrack.org/bank/us_exim,38.9007323,-77.0344507
FMO,http://www.fmo.nl,"Anna van Saksenlaan 71,2593 HW The Hague",Netherlands,Michael Jongeneel,http://www.fmo.nl/biographies,De Nederlandsche Bank,http://www.dnb.nl,http://www.fmo.nl/investor-relations,https://www.banktrack.org/bank/fmo,52.08127340000001,4.3467463
Federal Bank Limited,https://www.federalbank.co.in,"P B No 103 Federal Towers,Aluva - 683101 Kerala",India,Shyam Srinivasan,https://www.federalbank.co.in/key-personnel,Reserve Bank of India,https://www.rbi.org.in/,https://www.ifc.org/wps/wcm/connect/corp_ext_content/ifc_external_corporate_site/home,https://www.banktrack.org/bank/federal_bank_india,10.1115883,76.352468
Fidelity Bank,https://www.fidelitybank.ng/,"Fidelity Place, 2 Kofo Abayomi Street P. O. Box 72439 Victoria Island,Lagos",Nigeria,Nneka Onyeali-Ikpe,https://www.fidelitybank.ng/about-us/,Central Bank of Nigeria,http://www.cenbank.org/,https://www.marketscreener.com/FIDELITY-BANK-PLC-11002008/company/,https://www.banktrack.org/bank/fidelity_bank_plc_,6.4364751,3.4097657
First Abu Dhabi Bank (FAB),https://www.bankfab.com/en-ae/about-fab,"Al Qurm – Business Park P.O. Box 6316,Abu Dhabi",United Arab Emirates,Hana Al Rostamani,https://www.bankfab.com/en-ae/about-fab/group/senior-management,Central Bank of United Arab Emirates,http://www.centralbank.ae/en/,https://www.mubadala.com/,https://www.banktrack.org/bank/national_bank_of_abu_dhabi,24.428634,54.3770923
First Commercial Bank,http://www.firstbank.com.tw,"30,Chung King South Road,Sec. 1,100  Taipei","Taiwan, Republic of China",Ye-Chin Chiou,https://www.firstbank.com.tw/sites/fbweb/en_US/ManagementTeam,Central Bank of the Republic of China (Taiwan) ,http://www.cbc.gov.tw,https://www.marketscreener.com/quote/stock/FIRST-FINANCIAL-HOLDING-C-6495903/company/,https://www.banktrack.org/bank/first_commercial_bank,25.0329636,121.5654268
First International Bank of Israel (FIBI),https://online.fibi.co.il/wps/portal/FibiMenu/HomeEN,"42 Rothschild Blvd.,6688310 Tel-Aviv",Israel,Smadar Barber-Tsadik,https://online.fibi.co.il/wps/portal/FibiMenu/MarketingEN/AnInformation/AnInvestorRelations/AnExecutiveCommittee/AnExecutiveCommittee,Bank of Israel,http://www.boi.org.il/en/Pages/Default.aspx,https://online.fibi.co.il/wps/portal/FibiMenu/MarketingEN/AnInformation/AnInvestorRelations/AnAboutFibi/AnShareholdersStructure,https://www.banktrack.org/bank/first_international_bank_of_israel,32.0635043,34.7742951
FirstRand,https://www.firstrand.co.za/,"4 Merchant Place, Cnr. Fredman Drive & Rivonia Road, 4th Floor,2196 Sandton",South Africa,Alan Pullinger,https://www.firstrand.co.za/the-group/management-and-board/,South African Reserve Bank,https://www.resbank.co.za,https://www.pic.gov.za/,https://www.banktrack.org/bank/firstrand_group_ltd,-26.1002322,28.0579868
Fubon Financial Holding,https://www.fubon.com/financialholdings/en/home/index.html,"No 237, Section 1 - Jianquo South Road 106,Taipei City","Taiwan, Republic of China",Jerry Harn,https://www.fubon.com/financialholdings/en/about/team.html,Central Bank of the Republic of China (Taiwan) ,http://www.cbc.gov.tw,https://www.marketscreener.com/quote/stock/FUBON-FINANCIAL-HOLDING-C-6495907/company/,https://www.banktrack.org/bank/fubon_financial_holdings,25.0375056,121.5385168
GLS Bank,http://www.gls.de,"Christstraße 9,44789 Bochum",Germany,Aysel Osmanoglu,https://www.gls.de/privatkunden/gls-bank/aktuelles/presse/vorstandswechsel-gls-bank-vorstandssprecher-thomas-jorberg-geht-nachfolgerin-ist-aysel-osmanoglu/,Bundesbank,http://www.bundesbank.de/,None,https://www.banktrack.org/bank/gls_bank,51.470985,7.219955700000001
Garanti BBVA,https://www.garantibbva.com.tr/en,"Maslak Mahallesi Eski Büyükdere Caddesi No:23,34450 Istanbul",Turkey,Recep Bastug,https://www.garantiinvestorrelations.com/en/corporate-governance/Senior-Management/Senior-Management/79/392/0,Central Bank of the Republic of Turkey,http://www.tcmb.gov.tr/yeni/eng/,https://www.banktrack.org/bank/bbva,https://www.banktrack.org/bank/garantibank,41.088867,29.005824
Goldman Sachs,http://www.goldmansachs.com/,"200 West Street,10282 New York",United States,David M. Solomon,https://www.goldmansachs.com/our-firm/leadership/board-of-directors/david-m-solomon.html,Federal Reserve,http://www.federalreserve.gov/,https://money.cnn.com/quote/shareholders/shareholders.html?symb=GS&subView=institutional,https://www.banktrack.org/bank/goldman_sachs,40.7148544,-74.0144968
Green Investment Group,https://www.greeninvestmentgroup.com/en.html,"Atria One Level 7 144 Morrison street,EH3 8EX Edinburgh",United Kingdom,Mark Dooley,https://www.greeninvestmentgroup.com/en/who-we-are/our-team.html,Bank of England,http://www.bankofengland.co.uk/,https://www.banktrack.org/bank/macquarie_group,https://www.banktrack.org/bank/uk_green_investment_bank,55.94621619999999,-3.208473
Grupo Financiero Ficohsa,https://www.ficohsa.com/en/,"Edificio Plaza Victoria, Colonia Las Colinas Blvd. Francia,3858 Tegucigalpa",Honduras,Camilo Atala,https://www.ficohsa.com/en/about-us/message-from-the-president/,Comisión Nacional de Bancos y Seguros de Honduras (CNBS),https://cnbs.gob.hn/atencion-usuario-financiero/,https://www.businesswire.com/news/home/20190306005625/en/FICOHSA-Denies-Links-with-DESA-or-the-Agua-Zarca-Project,https://www.banktrack.org/bank/grupo_financiero_ficohsa,14.076583,-87.18839930000001
HDFC Bank,http://hdfcbank.com,"HDFC Bank House, Senapati Bapat Marg, Lower Parel,400013 Mumbai",India,Sashidhar Jagdishan,https://www.hdfcbank.com/personal/need-help/contact-us/senior-management-team,Reserve Bank of India,https://www.rbi.org.in/,https://www.hdfc.com/the-hdfc-group,https://www.banktrack.org/bank/hdfc_bank,18.999847,72.8288843
HSBC,http://www.hsbc.com,"8 Canada Square,E14 5 HQ London",United Kingdom,Noel Quinn,https://www.hsbc.com/who-we-are/leadership/noel-quinn,Bank of England,http://www.bankofengland.co.uk/,https://www.marketscreener.com/HSBC-HOLDINGS-4001224/company/,https://www.banktrack.org/bank/hsbc,51.5055312,-0.0174223
Hana Financial Group,https://www.hanafn.com,"66 Euljiro,  2-ga, Jung-gu,,Seoul",South Korea,Ham Young-joo,https://www.hanafn.com:8002/eng/info/aboutus/ceoGreeting.do,Financial Supervisory Service (South Korea),http://english.fss.or.kr/fss/eng/main.jsp,https://www.marketscreener.com/quote/stock/HANA-FINANCIAL-GROUP-INC-6498465/company/,https://www.banktrack.org/bank/hana_financial_group,37.56609479999999,126.9886376
ICICI Bank,http://www.icicibank.com,"ICICI Bank Tower, Near Chakli Circle, Old Padra Road, Vadodara,390 007 Gujarat",India,Sandeep Bakshshi,https://www.icicibank.com/aboutus/board-of-directors-sandeep-bakhshi.page?,Reserve Bank of India,https://www.rbi.org.in/,https://www.icicibank.com/aboutus/shareprice.page,https://www.banktrack.org/bank/icici_bank,22.3079051,73.1626445
IDFC,http://www.idfc.com,"Naman Chambers, C-32,400 051 Mumbai",India,Sunil Kakar,https://www.idfclimited.com/our-firm/board_of_directors.htm,Reserve Bank of India,https://www.rbi.org.in/,https://www.marketscreener.com/quote/stock/IDFC-LIMITED-9743458/company/,https://www.banktrack.org/bank/idfc,19.0605191,72.8629764
ING,https://www.ing.com/Home.htm,"Bijlmerdreef 106,1102 CT Amsterdam",Netherlands,Steven van Rijswijk,https://www.ing.com/about-us/corporate-governance/management-board-banking/steven-van-rijswijk.htm,De Nederlandsche Bank,http://www.dnb.nl,https://www.marketscreener.com/quote/stock/ING-GROEP-N-V-56358303/company/,https://www.banktrack.org/bank/ing,52.3152336,4.9498692
India Exim Bank,http://www.eximbankindia.in,"21st Floor, Centre One Building, World Trade Centre, Cuffe Parade-Colaba,400005  Mumbai",India,Harsha Bangari,https://www.eximbankindia.in/management,Reserve Bank of India,https://www.rbi.org.in/,None,https://www.banktrack.org/bank/export_import_bank_of_india,18.9144037,72.81741330000001
Industrial Bank,https://www.cib.com.cn/en/,"154 Hudong Road,350003 Fuzhou, Fujian",China,Tao Yiping,https://www.cib.com.cn/en/aboutCIB/investor/profile/director.html,China Banking and Investment Regulatory Commission (CBIRC),https://www.cbirc.gov.cn/en/view/pages/index/index.html,https://www.cib.com.cn/en/aboutCIB/investor/stock/,https://www.banktrack.org/bank/industrial_bank,26.09247,119.29794
Industrial Development Bank of India (IDBI),http://www.idbi.com,"IDBI Tower, WTC Complex, Cuffe Parade, Colaba,400005 Mumbai",India,Rakesh Sharma,https://www.idbibank.in/board-of-directors.aspx,None,None,https://www.idbi.com/press/PR1362.pdf,https://www.banktrack.org/bank/industrial_development_bank_of_india,18.9152459,72.817067
ICBC,http://www.icbc-ltd.com/ICBCLtd/en/,"55 Fuxingmennei Avenue, Xicheng District,10032 Beijing",China,Chen Siqing,http://www.icbc-ltd.com/ICBCLtd/Corporate%20Governance/Board%20of%20Directors/Board%20of%20Directors/,China Banking and Investment Regulatory Commission (CBIRC),https://www.cbirc.gov.cn/en/view/pages/index/index.html,http://www.huijin-inv.cn/wps/portal/!ut/p/a1/04_Sj9CPykssy0xPLMnMz0vMAfGjzOL9DMwMDJ2DDbwMfB3dDBwtDFx9_Y29jPxDzYAKInErcPc2xqvf15SAfhMi9Tu7O3qYmPsYGBiYWBgZeLo4ebiYW_oaGHiaEaffAAdwNCDk_3D9KHxKwCGAV4EJTAE-P4AV4HFkQW5oaGiEQaZnuqIiAF07oL0!/dl5/d5/L2dBISEvZ0FBIS9nQSEh/,https://www.banktrack.org/bank/industrial_commercial_bank_of_china,39.9073,116.36566
Instituto de Crédito Oficial (ICO),https://www.ico.es/en/web/ico_en/home,"Paseo del Prado 4,28014 Madrid",Spain,José Carlos Garcia de Quevedo,https://www.ico.es/en/web/axis/presidente-jose-carlos-garcia-de-quevedo,Banco de España,http://www.bde.es/homee.htm,None,https://www.banktrack.org/bank/instituto_de_credito_oficial,40.4172375,-3.694501599999999
Intesa Sanpaolo,https://www.group.intesasanpaolo.com,"Piazza San Carlo, 156,10121 Torino",Italy,Carlo Messina,https://group.intesasanpaolo.com/en/about-us/top-management-biographies,Banca d'Italia,http://www.bancaditalia.it/,https://www.group.intesasanpaolo.com/scriptIsir0/si09/chi_siamo/eng_azionariato.jsp#/chi_siamo/eng_azionariato.jsp,https://www.banktrack.org/bank/intesa_sanpaolo,45.0683488,7.6823479
Israel Discount Bank,https://www.discountbank.co.il/DB/en,"23 Yehuda Halevy St.,6513601 Tel Aviv",Israel,Uri Levin,https://investors.discountbank.co.il/who-are-we/management,Bank of Israel,http://www.boi.org.il/en/Pages/Default.aspx,https://www.marketscreener.com/ISRAEL-DISCOUNT-BANK-LTD-6491700/company/,https://www.banktrack.org/bank/israel_discount_bank,32.0616565,34.7706795
Itaú-Unibanco,http://www.itau.com.br,"Praça Alfredo Egydio de Souza Aranha, 100 Torre Olavo Setubal, Parque Jabaquara,04344-902  São Paulo",Brazil,Milton Maluhy Filho,https://ir.itau.cl/English/governance/board-of-directors/default.aspx,Banco Central do Brasil,http://www.bcb.gov.br/?english,https://www.itau.com.br/relacoes-com-investidores/show.aspx?idCanal=09tbnw+uhlD/DW22Yr1dEw==,https://www.banktrack.org/bank/itau_unibanco,-23.6351697,-46.64204489999999
JPMorgan Chase,http://www.jpmorganchase.com,"270 Park Avenue,10017-2070 New York",United States,Jamie Dimon,https://www.jpmorganchase.com/corporate/About-JPMC/ab-board-bio-jamesdimon.htm,Federal Reserve,http://www.federalreserve.gov/,https://www.marketscreener.com/JPMORGAN-CHASE-4831/company/,https://www.banktrack.org/bank/jpmorgan_chase,40.7558818,-73.9755845
Jyske Bank,https://www.jyskebank.dk/,"Vestergade 8-16,DK-8600  Silkeborg",Denmark,Anders Dam,https://investor.jyskebank.com/about/Organisation/executiveboard,Danish FSA,http://www.finanstilsynet.dk/en.aspx,https://investor.jyskebank.com/about,https://www.banktrack.org/bank/jyske_bank,56.16880099999999,9.547264900000002
KB Financial,http://www.kbfg.com,"26, Gukjegeumyung-ro 8-gil, Yeongdeungpo-gu,Seoul",South Korea,Jong Kyoo Yoon,https://www.kbfg.com/Eng/about/management.htm,Financial Supervisory Service (South Korea),http://english.fss.or.kr/fss/eng/main.jsp,https://www.marketscreener.com/quote/stock/KB-FINANCIAL-GROUP-INC-6500331/company/,https://www.banktrack.org/bank/kb_financial_group,37.5208742,126.9278871
KBC,https://www.kbc.com,"Havenlaan 2,1080 Brussels",Belgium,Johan Thijs,https://www.kbc.com/nl/biografie/johan-thijs.html,Nationale Bank van België,http://www.nbb.be/pub/index.htm,https://www.kbc.com/en/shareholder-structure,https://www.banktrack.org/bank/kbc,50.86000929999999,4.345867699999999
Kasikornbank,http://www.kasikornbank.com/en/Pages/Default.aspx,"1 Soi. Kasikornthai Ratburana Rd.,10140  Bangkok",Thailand,Kattiya Indaravijaya,https://kasikornbank.com/en/about/Pages/executives.aspx,Bank of Thailand,http://www.bot.or.th/English/Pages/BOTDefault.aspx,https://www.set.or.th/set/companyholder.do?symbol=KBANK&ssoPageId=6&language=en&country=US,https://www.banktrack.org/bank/kasikorn_bank,13.682141,100.503232
KfW IPEX-Bank,https://www.kfw-ipex-bank.de/International-financing/KfW-IPEX-Bank/,"Palmengartenstrasse 5-9,60325 Frankfurt am Main",Germany,Klaus R. Michalak,https://www.kfw-ipex-bank.de/International-financing/KfW-IPEX-Bank/About-KfW-IPEX-Bank/Organisation/Management-and-bodies/Klaus-R.-Michalak/Klaus-R.-Michalak.html,Bundesbank,http://www.bundesbank.de/,https://www.kfw.de/kfw.de.html,https://www.banktrack.org/bank/kfw_ipex_bank,50.1203277,8.6558153
Korea Development Bank (KDB),https://www.kdb.co.kr/ih/simpleJsp.do,"14 Eunhaeng-ro, Yeongdeungpo-gu,07242 Seoul",South Korea,"Kang, Seog Hoon",https://www.kdb.co.kr/index.jsp,Financial Supervisory Service (South Korea),http://english.fss.or.kr/fss/eng/main.jsp,None,https://www.banktrack.org/bank/korea_development_bank_kdc,37.5278334,126.9221539
LBBW,https://www.lbbw.de/,"Am Hauptbahnhof 2,70173 Stuttgart",Germany,Rainer Neske,http://www.lbbw.de/imperia/md/content/lbbwde/ueberuns/VitaD1englisch_.pdf,Bundesbank,http://www.bundesbank.de/,http://www.lbbw.de/en/ueber_uns/unternehmensprofil/unternehmensprofil.jsp,https://www.banktrack.org/bank/lbbw,48.7864053,9.181611199999999
La Banque Postale,https://www.labanquepostale.com,"115, Rue de Sèvres,75006 Paris",France,Philippe Heim,https://www.labanquepostale.com/a-propos/gouvernance/le-directoire/philippe-heim.html,Banque de France,http://www.banque-france.fr/,None,https://www.banktrack.org/bank/la_banque_postale,48.847918,2.3197975
Lloyds,http://www.lloydsbankinggroup.com,"25 Gresham Street,EC2V 7HN London",United Kingdom,Charlie Nunn,https://www.lloydsbankinggroup.com/who-we-are/group-overview/directors-and-governance/charlie-nunn.html,Bank of England,http://www.bankofengland.co.uk/,https://www.marketscreener.com/LLOYDS-BANKING-GROUP-4000786/company/,https://www.banktrack.org/bank/lloyds_banking_group_plc,51.5163653,-0.0954984
Macquarie,http://www.macquarie.com.au,"50 Martin Place,NSW 2000 Sydney",Australia,Shemara Wikramanayake,https://www.macquarie.com/au/about/company/leadership/board#/wikramanayake,Reserve Bank of Australia,http://www.rba.gov.au/,https://www.marketscreener.com/quote/stock/MACQUARIE-GROUP-LIMITED-6491460/company/,https://www.banktrack.org/bank/macquarie_group,-33.86715179999999,151.2102133
Manulife,http://www.manulife.com,"200 Bloor East Street,M4W 1E5 Toronto",Canada,Roy Gori,https://www.manulife.com/content/corporate/en/about/our-leaders.html,Bank of Canada,http://www.bank-banque-canada.ca/en,https://money.cnn.com/quote/shareholders/shareholders.html?symb=MFC&subView=institutional,https://www.banktrack.org/bank/manulife,43.6722713,-79.38217019999999
Mauritius Commercial Bank,http://www.mcbgroup.com/en/,"9-15 Sir William Newton Street,Port Louis",Mauritius,Alain Law Min,https://www.mcbgroup.com/en/news/story/Mr-Alain-Law-Min-appointed-as-CEO-of-MCB,Bank of Mauritius,https://www.bom.mu/,http://www.mcbgroup.com/en/group/about/Group_Structure,https://www.banktrack.org/bank/mauritius_commercial_bank,-20.1612168,57.50244219999999
Maybank,http://www.maybank.com,"Malayan Banking Berhad Level 14, Menara Maybank 100 Jalan Tun Perak,50050 Kuala Lumpur",Malaysia,Dato’ Khairussaleh Ramli,https://www.maybank.com/iwov-resources/corporate_new/document/my/en/pdf/corporate-news-release/2022/dato-khairussaleh-new-ceo-maybank.pdf,Central Bank of Malaysia,https://www.bnm.gov.my/index.php?ch=fs&pg=fs_spv&ac=396,https://www.marketscreener.com/quote/stock/MALAYAN-BANKING-6491196/company/,https://www.banktrack.org/bank/maybank,3.1472732,101.6995352
Mediobanca,http://www.mediobanca.it/en/index.html,"Piazzetta E. Cuccia, 1,20121 Milan",Italy,Alberto Nagel,http://www.mediobanca.it/en/consiglio-amministrazione/alberto-nagel.html,Banca d'Italia,http://www.bancaditalia.it/,https://www.mediobanca.com/en/corporate-governance/main-shareholders/index.html,https://www.banktrack.org/bank/mediobanca,45.4720482,9.1920381
Mega Bank,http://www.megabank.com.tw,"No 100, Chi-lin Road,10424 Taipei City","Taiwan, Republic of China",Chao-Shun Chang ,https://www.megabank.com.tw/en-us/english/index/about-mega/senior-mgmt,Central Bank of the Republic of China (Taiwan) ,http://www.cbc.gov.tw,https://www.marketscreener.com/quote/stock/MEGA-FINANCIAL-HOLDING-CO-6492317/company/,https://www.banktrack.org/bank/mega_bank,25.0329636,121.5654268
Mianyang City Commercial Bank,https://www.mycc-bank.com/,"3 Wenzhu Street W Section Linyuan Rd Fucheng,621000  Mianyang",China,None,None,Central Bank of the Republic of China (Taiwan) ,http://www.cbc.gov.tw,None,https://www.banktrack.org/bank/mianyang_city_commercial_bank,31.54131,104.55783
MUFG,http://www.bk.mufg.jp/global/,"7-1 Marunouchi 2-Chome Chiyoda,100-0005  Tokyo",Japan,Junichi Hanzawa,http://www.bk.mufg.jp/global/aboutus/management.html,Bank of Japan,http://www.boj.or.jp/en/,https://www.marketscreener.com/MITSUBISHI-UFJ-FINANCIAL-6492551/company/,https://www.banktrack.org/bank/bank_of_tokyo_mitsubishi_ufj,35.6800538,139.7630222
Mizrahi Tefahot Bank,https://www.mizrahi-tefahot.co.il/en/bank/pages/default.aspx,"7 Jaboutinsky St, P.O.B. 3450,52136 Ramat gan",Israel,Moshe Lary,https://www.mizrahi-tefahot.co.il/en/about-mizrahi-tefahot/officers-and-directors-en/,Bank of Israel,http://www.boi.org.il/en/Pages/Default.aspx,https://www.mizrahi-tefahot.co.il/en/Bank/About-us/Pages/Overview.aspx,https://www.banktrack.org/bank/mizrahi_tefahot_bank,32.0737943,34.8093534
Mizuho,https://www.mizuho-fg.com/index.html,"1–5–5, Otemachi, Chiyoda–ku 100–8176,Tokyo",Japan,Masahiro Kihara,https://www.mizuho-fg.com/company/info/executives/index.html,Financial Service Agency (Japan),http://www.fsa.go.jp/en/index.html,https://www.marketscreener.com/MIZUHO-FINANCIAL-GROUP-I-6496086/company/,https://www.banktrack.org/bank/mizuho,35.6854417,139.7653698
Morgan Stanley,http://www.morganstanley.com/,"1585 Broadway,NY 10036 New York",United States,Mr. James Gorman,http://www.morganstanley.com/about-us-governance/board.html,Federal Reserve,http://www.federalreserve.gov/,https://www.marketscreener.com/MORGAN-STANLEY-13654/company/,https://www.banktrack.org/bank/morgan_stanley,40.7600547,-73.9855324
NIBC,http://www.nibc.com,"Carnegieplein 4,2517 KJ The Hague",Netherlands,Paulus de Wilt,https://www.nibc.com/about-nibc/corporate-governance/executive-committee/paulus-de-wilt/,De Nederlandsche Bank,http://www.dnb.nl,https://www.nibc.com/about-nibc/investor-relations/equity-investors/shareholders/,https://www.banktrack.org/bank/nibc,52.087705,4.298697499999999
NatWest,https://www.natwestgroup.com/,"36 St Andrew Square,EH2 2YB  Edinburgh Scotland",United Kingdom,Alison Rose,https://www.natwestgroup.com/who-we-are/board-and-governance/executive-management-team/alison-rose.html,Bank of England,http://www.bankofengland.co.uk/,https://investors.natwestgroup.com/share-data/equity-ownership-statistics,https://www.banktrack.org/bank/natwest,55.9542519,-3.1916976
NAB,https://www.nab.com.au/,"800 Bourke St W, Docklands Victoria,3008 Melbourne",Australia,Ross McEwan,https://www.nab.com.au/about-us/board-of-directors/ross-mcewan,Reserve Bank of Australia,http://www.rba.gov.au/,https://www.marketscreener.com/NATIONAL-AUSTRALIA-BANK-L-6493174/company/,https://www.banktrack.org/bank/national_australia_bank_group,-37.8191061,144.9445055
National Bank of Egypt,https://www.nbe.com.eg/NBE/E/#/EN/Home,"1187 Corniche El Nil, Cairo Plaza,Cairo",Egypt,Hisham Okasha,https://www.nbe.com.eg/NBE/E/#/EN/BoardofDirectors,Central Bank of Egypt,http://www.cbe.org.eg/,None,https://www.banktrack.org/bank/national_bank_of_egypt,30.0614791,31.2276466
BPCE/Natixis,http://www.natixis.com/,"30, avenue Pierre Mendès France,75013 Paris",France,Nicolas Namias,https://www.natixis.com/natixis/jcms/ala_5373/en/senior-management,Banque de France,http://www.banque-france.fr/,https://groupebpce.com/en/the-group/organization,https://www.banktrack.org/bank/natixis,48.8386969,2.3705741
Nedbank,http://www.nedbankgroup.co.za/,"135 Rivonia Road,Gauteng 2196 Sandton",South Africa,Mr. Michael William Thomas Brown,https://www.nedbank.co.za/content/nedbank/desktop/gt/en/aboutus/about-nedbank-group/group-executive-committee.html,South African Reserve Bank,https://www.resbank.co.za,https://www.nedbank.co.za/content/nedbank/desktop/gt/en/investor-relations/investor-center/ordinary-shareholder-s-profile.html,https://www.banktrack.org/bank/nedbank,-26.1022367,28.0592786
NongHyup Bank,https://banking.nonghyup.com,"120, Tongil-ro, Jung-gu,04517 Seoul",South Korea,Kwon Jun-hak,https://www.koreatimes.co.kr/www/biz/2022/06/126_301757.html,Financial Supervisory Service (South Korea),http://english.fss.or.kr/fss/eng/main.jsp,http://eng.nhfngroup.com/user/indexMain.do?siteId=eng,https://www.banktrack.org/bank/nonghyup_bank,37.5638176,126.9688403
Nordea Bank,http://www.nordea.com,"Satamaradankatu 5,FI-00020 Helsinki",Finland,Frank Vang-Jensen,http://www.nordea.com/en/press-and-news/press-photos/group-ceo/,Finnish Financial Supervisory Authority,http://www.finanssivalvonta.fi,https://www.nordea.com/en/investor-relations/share/shareholders/,https://www.banktrack.org/bank/nordea,60.1903799,24.954886
Norges Bank,http://www.norges-bank.no,"Bankplassen 2,0151 Oslo",Norway,Ida Wolden Bache,http://www.norges-bank.no/en/about/Organisation/The-Executive-Board/,None,None,None,https://www.banktrack.org/bank/norges_bank,59.90860679999999,10.7423689
Norinchukin Bank,https://www.nochubank.or.jp/en/,"13-2, Yurakucho 1-chome, Chiyoda-ku,100-8420 Tokyo",Japan,Kazuto Oku,https://www.nochubank.or.jp/en/about/profile.html,Financial Service Agency (Japan),http://www.fsa.go.jp/en/index.html,https://www.nochubank.or.jp/en/about/profile.html,https://www.banktrack.org/bank/the_norinchukin_bank,35.6752314,139.7607356
Nykredit Bank,https://www.nykredit.com/en-gb/,"Kalvebod Brygge 1-3,1780  København V",Denmark,Michael Rasmussen,https://www.nykredit.com/en-gb/om-os/organisation/,Danish FSA,http://www.finanstilsynet.dk/en.aspx,http://forenetkredit.dk/,https://www.banktrack.org/bank/nykredit,55.6703549,12.5764431
O-Bank,http://www.o-bank.com,"No.99, Sec. 2, Tiding Blvd., Neihu Dist.,,Taipei City","Taiwan, Republic of China",Tina Y. Lo,https://www.o-bank.com/about/aboutmain/about-leadership,Central Bank of the Republic of China (Taiwan) ,http://www.cbc.gov.tw,https://www.o-bank.com/about/investor/shareholders/shareholder-structure,https://www.banktrack.org/bank/obank,25.0768435,121.5713391
OCBC Bank,http://www.ocbc.com/,"65 Chulia Street, OCBC Centre,049513",Singapore,Helen Wong,https://www.ocbc.com/group/about-us/our-leadership/management-team/helen-wong,Monetary Authority of Singapore (MAS),http://www.mas.gov.sg/,https://www.ocbc.com/group/investors/investor-information#Major-shareholders,https://www.banktrack.org/bank/ocbc,1.2854302,103.8493334
OP Financial Group,https://www.op.fi/op-financial-group,"Teollisuuskatu 1b 00510,00510 Helsinki",Finland,Timo Ritakallio,https://uusi.op.fi/op-financial-group/about-us/corporate-governance/executive-board,Finnish Financial Supervisory Authority,http://www.finanssivalvonta.fi,None,https://www.banktrack.org/bank/op_financial_group,60.1905483,24.9604615
PKO Bank Polski,http://www.pkobp.pl/pkobppl-en,"15 Pulawska Street,00-975  Warsaw",Poland,Pawel Gruza,https://www.pkobp.pl/pkobppl-en/about-us/management/,Narodowi Bank Polski,http://www.nbp.pl/homen.aspx?f=/srodeken.htm,https://www.marketscreener.com/quote/stock/PKO-BANK-POLSKI-S-A-4004922/company/,https://www.banktrack.org/bank/pko_bank_polski,52.2132412,21.0218257
PNC,https://www.pnc.com/,"249 Fifth Avenue, One PNC Plaza,PA 15222 Pittsburgh",United States,William S. Demchak,https://www.pnc.com/en/about-pnc/company-profile/leadership-team.html?lnksrc=topnav,Federal Reserve,http://www.federalreserve.gov/,https://money.cnn.com/quote/shareholders/shareholders.html?symb=PNC&subView=institutional,https://www.banktrack.org/bank/pnc,40.4412936,-80.0004871
Ping An Insurance Group,http://bank.pingan.com/en/index.shtml,"No. 5047 Shennan East Road Luohu District Shenzhen,518001 Guangdong",China,Yue Fei Hu,https://group.pingan.com/about_us/our_leadership.html,China Banking and Investment Regulatory Commission (CBIRC),https://www.cbirc.gov.cn/en/view/pages/index/index.html,https://www.marketscreener.com/quote/stock/PING-AN-BANK-CO-LTD-6495775/company/,https://www.banktrack.org/bank/ping_an_bank,22.54495,114.12911
Postal Savings Bank of China,http://www.psbc.com/cn/index.html,"No. 131 Xuanwumen West Street, Xicheng District,100808 Beijing",China,None,None,Central Bank of the Republic of China (Taiwan) ,http://www.cbc.gov.tw,https://www.marketscreener.com/quote/stock/POSTAL-SAVINGS-BANK-OF-CH-31587274/company/,https://www.banktrack.org/bank/postal_savings_bank_of_china,39.8991324,116.3621958
Rabobank,http://www.rabobank.nl,"Croeselaan 18,3521 CB Utrecht",Netherlands,Stefaan Decraene,https://www.rabobank.nl/over-ons/organisatie/onze-mensen/groepsdirectie/stefaan-decraene,De Nederlandsche Bank,http://www.dnb.nl,https://www.rabobank.com/nl/about-rabobank/cooperative/in-practice/index.html,https://www.banktrack.org/bank/rabobank,52.0864215,5.1092184
Raiffeisen Bank International,http://www.rbinternational.com ,"Am Stadtpark 9,A-1030 Vienna",Austria,Johann Strobl,https://www.rbinternational.com/eBusiness/01_template1/829189266947841370-829188968716049154_829601541395546781-829601541395546781-NA-2-EN.html,Oesterreichische Nationalbank,https://www.oenb.at/en/,http://investor.rbinternational.com/index.php?id=575&L=1,https://www.banktrack.org/bank/raiffeisen_zentralbank,48.2048472,16.3838656
Rizal Commercial Banking Corporation (RCBC),,"12/F Yuchengco Tower, RCBC Plaza, 6819 Ayala Ave. cor. Sen. Gil. J. Puyat Ave.,1200 Makati City",Philippines,Eugene Acevedo,https://en.wikipedia.org/wiki/Eugene_Acevedo,None,None,https://www.marketscreener.com/quote/stock/RIZAL-COMMERCIAL-BANKING-6496991/company/,https://www.banktrack.org/bank/rizal_commercial_banking_corporation_rcbc,14.5604612,121.01606
RBC,http://www.rbc.com,"200 Bay Street,ON  M5J 2J5 Toronto",Canada,David I. McKay,https://www.rbc.com/newsroom/news/executive-biographies/dave-mckay.html,Superintendent of Financial Institutions (OSFI),http://www.osfi-bsif.gc.ca/,https://www.marketscreener.com/ROYAL-BANK-OF-CANADA-1411559/company/,https://www.banktrack.org/bank/rbc,43.6465177,-79.3800808
Sberbank,http://www.sbrf.ru/en/,"19 Vavilova St,117997 Moscow",Russian Federation,None,None,Bank of Russia,http://www.cbr.ru/eng,https://www.marketscreener.com/SBERBANK-OF-RUSSIA-6494829/company/,https://www.banktrack.org/bank/sberbank,55.6995414,37.5801911
Scotiabank,http://www.scotiabank.com,"44 King St. W.,M5H 1H1 Toronto",Canada,Brian J. Porter,"http://www.scotiabank.com/ca/en/0,,532,00.html",Superintendent of Financial Institutions (OSFI),http://www.osfi-bsif.gc.ca/,https://www.marketscreener.com/BANK-OF-NOVA-SCOTIA-1409234/company/,https://www.banktrack.org/bank/scotiabank,43.6488253,-79.37999959999999
Shanghai Pudong Development Bank,http://www.spdb.com.cn,"NO.12 Zhongshan Dong Yi Road,200002 Shanghai",China,Wei Dong Pan,https://www.bloomberg.com/profile/person/16423667,China Banking and Investment Regulatory Commission (CBIRC),https://www.cbirc.gov.cn/en/view/pages/index/index.html,https://www.marketscreener.com/quote/stock/SHANGHAI-PUDONG-DEVELOPME-6495772/company/,https://www.banktrack.org/bank/shanghai_pudong_development_bank,31.230416,121.473701
Shinhan Financial Group,http://www.shinhangroup.com/en/index.jsp,"Shinhan Financial Group, Deakyung B/D, 120.2-Ga, Taepyung-ro, jung-Gu.,Seoul, 100-102",South Korea,Cho Yong-byoung,http://www.shinhangroup.com/en/introduce/chairman.jsp,Financial Supervisory Service (South Korea),http://english.fss.or.kr/fss/eng/main.jsp,https://money.cnn.com/quote/shareholders/shareholders.html?symb=SHG&subView=institutional,https://www.banktrack.org/bank/shinhan_financial_group,36.3243321,127.3934894
Shinkin Central Bank,https://www.shinkin-central-bank.jp/e/,"3-7, Yaesu 1-chome, Chuo-ku,103-0028 Tokyo",Japan,None,None,Financial Service Agency (Japan),http://www.fsa.go.jp/en/index.html,https://www.shinkin-central-bank.jp/e/preferred/index.html,https://www.banktrack.org/bank/shinkin_central_bank,35.6823579,139.7706392
Shinsei Bank,http://www.shinseibank.com,"4-3, Nihonbashi-muromachi 2-chome, Chuo-ku,103-8303 Tokyo",Japan,Hideyuki Kudo,https://www.shinseibank.com/corporate/en/about/officers/biography_kudo.html,Bank of Japan,http://www.boj.or.jp/en/,https://www.marketscreener.com/quote/stock/SHINSEI-BANK-LIMITED-6496758/company/,https://www.banktrack.org/bank/shinsei_bank,35.6874036,139.7739164
Skandinaviska Enskilda Banken (SEB),https://sebgroup.com/,"Kungsträdgårdsgatan 8,SE 106-40 Stockholm",Sweden,Johan Torgeby,http://sebgroup.com/about-seb/corporate-governance/president-and-ceo,Riksbank,http://www.riksbank.com/,https://sebgroup.com/investor-relations/the-share/largest-shareholders,https://www.banktrack.org/bank/seb,59.3313211,18.0729356
Société Générale,http://www.societegenerale.com/,"29, boulevard Haussmann,75009 Paris",France,Frédéric Oudéa,https://www.societegenerale.com/en/societe-generale-group/governance/board-of-directors,Banque de France,http://www.banque-france.fr/,https://www.societegenerale.com/en/measuring-our-performance/information-and-publications/share-capital,https://www.banktrack.org/bank/societe_generale,48.8728288,2.3323932
SpareBank 1 SR-Bank,https://www.sparebank1.no/en/sr-bank/personal.html,"Christen Tranesgate 35,4007 Stavanger",Norway,Benedicte Schilbred Fasmer,https://www.sparebank1.no/en/sr-bank/about-us/investor/corporate-governance/executive-management.html,Financial Supervisory Authority of Norway,https://www.finanstilsynet.no/,https://www.sparebank1.no/en/sr-bank/about-us/investor/financial-info/shareholders.html,https://www.banktrack.org/bank/sparebank_1_srbank,58.974255,5.720079699999999
Standard Bank,http://www.standardbank.co.za/,"9th Floor - 5 Simmonds St.,2001 Johannesburg",South Africa,Sim Tshabalala,http://www.standardbank.com/pages/StandardBankGroup/web/directors.html,South African Reserve Bank,https://www.resbank.co.za,industrial_commercial_bank_of_china#tab_bankprofiles_main,https://www.banktrack.org/bank/standard_bank,-26.2092237,28.0392239
Standard Chartered,http://www.standardchartered.com,"1 Basinghall Avenue,EC2V 5DD London",United Kingdom,Bill Winters,https://www.sc.com/en/people/bill-winters/,Bank of England,http://www.bankofengland.co.uk/,https://www.marketscreener.com/STANDARD-CHARTERED-4003394/company/,https://www.banktrack.org/bank/standard_chartered,51.5162078,-0.0903527
State Bank of India,https://sbi.co.in/,"Central Office, 8th Fl., Madame Cama Road 400 021,Mumbai",India,Dinesh Kumar Khara,https://sbi.co.in/web/about-us/board-of-directors,None,None,https://www.marketscreener.com/quote/stock/STATE-BANK-OF-INDIA-9058834/company/,https://www.banktrack.org/bank/state_bank_of_india,18.9253216,72.8236369
SMBC Group,http://www.smbc.co.jp/global/index.html,"1-1-2, Marunouchi, Chiyoda-ku,100-0005 Tokyo",Japan,Makoto Takashima,https://www.smbc.co.jp/global/aboutus/profile/officers_02.html,Bank of Japan,http://www.boj.or.jp/en/,https://www.smfg.co.jp/english/investor/stock/capital_shares.html,https://www.banktrack.org/bank/sumitomo_mitsui_banking_corporation,35.68509299999999,139.7623949
Sumitomo Mitsui Trust Holdings,http://www.smth.jp/en/,"1-4-1 Marunouchi, Chiyoda-ku,Tokyo",Japan,Toru Takakura,http://www.smth.jp/en/about_us/officer/index.html,Bank of Japan,http://www.boj.or.jp/en/,https://www.marketscreener.com/SUMITOMO-MITSUI-TRUST-HOL-6492055/company/,https://www.banktrack.org/bank/sumitomo_mitsui_trust_holdings,35.68435600000001,139.764932
Svenska Handelsbanken,http://www.handelsbanken.com,"Kungsträdgårdsgatan 2,SE-106 70 Stockholm",Sweden,Carina Akerstrom,https://www.handelsbanken.com/en/about-the-group/organisation/executive-management,Riksbank,http://www.riksbank.com/,http://www.4-traders.com/SVENSKA-HANDELSBANKEN-AB-6491089/company/,https://www.banktrack.org/bank/svenska_handelsbanken,59.33015409999999,18.0733345
Swedbank,http://www.swedbank.com,"Landsvägen 40,172 63 Sundbyberg",Sweden,Jens Henriksson,https://www.swedbank.com/about-swedbank/management-and-corporate-governance/ceo-and-group-executive-management/photos-and-cvs.html,Riksbank,http://www.riksbank.com/,https://www.swedbank.com/investor-relations/the-share/shareholders.html,https://www.banktrack.org/bank/swedbank,59.3602537,17.9714874
Swedish Export Credit Corporation (SEK),http://www.sek.se/en/,"Klarabergsviadukten 61-63 SE 101-23,Stockholm",Sweden,Magnus Montan,https://www.sek.se/en/?profile=magnus-montan-2,None,None,None,https://www.banktrack.org/bank/swedish_export_credit_corporation_sek,59.3302179,18.0554234
Sydbank,https://www.sydbank.com/,"Peberlyk 4,DK-6200 Aabenraa",Denmark,Karen Frøsig,https://www.sydbank.com/about/organisation,Danish FSA,http://www.finanstilsynet.dk/en.aspx,https://www.marketscreener.com/quote/stock/SYDBANK-A-S-1413034/company/,https://www.banktrack.org/bank/sydbank,55.023521,9.418823
Taishin International Bank,https://www.taishinbank.com.tw,"No.44 Chung-Shan N. Rd., Sec.2,,Taipei","Taiwan, Republic of China",Tong-Liang Wu,https://www.bloomberg.com/profile/person/13386594,Central Bank of the Republic of China (Taiwan) ,http://www.cbc.gov.tw,https://www.marketscreener.com/quote/stock/TAISHIN-FINANCIAL-HOLDING-6491714/company/,https://www.banktrack.org/bank/taishin_international_bank,25.138362,121.5116737
The co-operative bank,https://www.co-operativebank.co.uk/,"1 Balloon Street,M60 4EP Manchester",United Kingdom,Nick Slape,http://www.co-operativebank.co.uk/aboutus/governance/executive-management-team,Bank of England,http://www.bankofengland.co.uk/,https://saveourbank.coop/who-owns-the-coop-bank,https://www.banktrack.org/bank/the_co_operative_bank,53.4858462,-2.2411646
TD,http://www.td.com,"12th Floor, 55 King St. West,ON M5K 1A2 Toronto",Canada,Bharat Masrani,https://www.td.com/about-tdbfg/corporate-information/executive-profiles/masrani.jsp,Bank of Canada,http://www.bank-banque-canada.ca/en,https://money.cnn.com/quote/shareholders/shareholders.html?symb=TD&subView=institutional,https://www.banktrack.org/bank/td_bank_financial_group,43.64821500000001,-79.3807846
Triodos Bank,http://www.triodos.com,"Nieuweroordweg 1,3704 EC Zeist",Netherlands,Jeroen Rijpkema,https://www.triodos.com/governance#organisational-structure,De Nederlandsche Bank,http://www.dnb.nl,https://www.triodos.com/governance#organisational-structure,https://www.banktrack.org/bank/triodos_bank,52.08913399999999,5.225592199999999
Truist Financial Corporation,https://www.truist.com/,"214 N. Tryon St.,GA 30308 Charlotte",United States,William H. Rogers jr.,https://media.truist.com/executive-leadership-team,Federal Reserve,http://www.federalreserve.gov/,https://www.marketscreener.com/TRUIST-FINANCIAL-CORPORAT-11773/company/,https://www.banktrack.org/bank/suntrust_bank,32.1574351,-82.90712300000001
US Bancorp,https://www.usbank.com/index.html,"800 Nicolett Mall,55402 Minneapolis",United States,Andrew J. Cecere,https://ir.usbank.com/management/andrew-cecere,Federal Reserve,http://www.federalreserve.gov/,https://www.nasdaq.com/symbol/usb/ownership-summary,https://www.banktrack.org/bank/us_bancorp,44.9755906,-93.2738748
UBS,http://www.ubs.com,"Bahnhofstrasse 45,CH 8098 Zurich",Switzerland,Sergio P. Ermotti,https://www.ubs.com/global/en/our-firm/governance/ubs-group-ag/group-executive-board.html,FINMA,http://www.finma.ch/e/pages/default.aspx,https://money.cnn.com/quote/shareholders/shareholders.html?symb=UBS&subView=institutional,https://www.banktrack.org/bank/ubs,47.3719897,8.5382646
UK Export Finance,https://www.gov.uk/government/organisations/uk-export-finance,"1 Horse Guards Road,SW1A 2HQ London",United Kingdom,Louis Taylor,https://www.gov.uk/government/people/louis-taylor,None,None,None,https://www.banktrack.org/bank/uk_export_finance,51.5017158,-0.1283158
UniCredit,http://www.unicreditgroup.eu,"Plazza Gae Aulenti 3 - Tower A,20154 Milan",Italy,Andrea Orcel,https://www.unicreditgroup.eu/en/governance/management/andrea-orcel.html,None,None,https://www.marketscreener.com/quote/stock/UNICREDIT-S-P-A-33364083/company/,https://www.banktrack.org/bank/unicredit,45.4832471,9.1869064
United Overseas Bank (UOB),http://www.uobgroup.com/,"80 Raffles Avenue, UOB Plaza 1,048624",Singapore,Wee Ee Cheong,https://www.uobgroup.com/uobgroup/about/management/group-management-committee.page,Monetary Authority of Singapore (MAS),http://www.mas.gov.sg/,https://www.uobgroup.com/investor-relations/shares-and-dividends/shareholdings-statistics.html,https://www.banktrack.org/bank/uob,1.2852183,103.8511746
Wells Fargo,http://www.wellsfargo.com/,"420 Montgomery Street,CA 94104 San Francisco",United States,Charles W. Scharf,https://www.wellsfargo.com/about/corporate/governance/scharf/,Federal Reserve,http://www.federalreserve.gov/,https://money.cnn.com/quote/shareholders/shareholders.html?symb=WFC&subView=institutional,https://www.banktrack.org/bank/wells_fargo,37.7933827,-122.4026176
Westpac,http://www.westpac.com.au,"275 Kent Street,2000 Sydney",Australia,Peter King,https://www.westpac.com.au/about-westpac/westpac-group/board-of-directors/,Reserve Bank of Australia,http://www.rba.gov.au/,https://www.marketscreener.com/WESTPAC-BANKING-CORP-6492063/company/,https://www.banktrack.org/bank/westpac,-33.8660202,151.2041928
Woori Bank,https://www.wooribank.com/,"1-203, Hoehyeon-dong, Jung-gu,Seoul",South Korea,Won Duk Lee,https://spot.wooribank.com/pot/Dream?withyou=ENENG0009,Financial Supervisory Service (South Korea),http://english.fss.or.kr/fss/eng/main.jsp,https://money.cnn.com/quote/shareholders/shareholders.html?symb=WF&subView=institutional,https://www.banktrack.org/bank/woori_bank,37.5576619,126.9776955
Yuanta Commercial Bank,http://www.yuantabank.com.tw,"1F-10F 66 1F 2F 2F-1 7F 9F 68 Section 1 Dunhua S Rd,10557 Taipei City","Taiwan, Republic of China",Fan-Sheng Pu,https://www.yuantabank.com.tw/en/AboutYuantaBank/AFBmain_02.aspx,Central Bank of the Republic of China (Taiwan) ,http://www.cbc.gov.tw,https://www.marketscreener.com/quote/stock/YUANTA-FINANCIAL-HOLDING-6495923/company/,https://www.banktrack.org/bank/yuanta_commercial_bank,25.048607,121.550231
Zenith Bank,http://www.zenithbank.com,"Plot 84 Ajose Adeogun Street, Victoria Island,Lagos",Nigeria,Ebenezer Onyeagwu,https://www.zenithbank.com/about-us/management-team-2/,Central Bank of Nigeria,http://www.cenbank.org/,https://dmarketforces.com/jim-ovia-stake-in-zenith-bank-inches-near-n100-bln/,https://www.banktrack.org/bank/zenith_bank,6.4307517,3.4348096
Alfa Bank,http://www.alfabank.com,"27 Kalanchevskaya Street,107078 moscow",Russian Federation,Alexey Marey,http://alfabank.com/governance/executive/,None,None,http://alfabank.com/investor/ownership/,https://www.banktrack.org/bank/alfa_bank,55.77474179999999,37.6498205
BNDES,http://www.bndes.gov.br,"Av. Republica do Chile, 100 – 14*. Andar -  sala 1423,20031-917 Rio de Janeiro",Brazil,Luciano Coutinho,http://www.bndes.gov.br/SiteBNDES/bndes/bndes_en/Institucional/The_BNDES/boards.html,Banco Central do Brasil,http://www.bcb.gov.br/?english,None,https://www.banktrack.org/bank/bndes,-22.9083983,-43.179967
Bank Central Asia,http://www.bca.co.id/en,"Jl. MH Thamrin No. 1,10310 Jakarta",Indonesia,Jahja Setiaatmadja,http://www.bca.co.id/en/about/cari-tahu-tentang-bca/manajemen/manajemen_landing.jsp,Bank Indonesia,http://www.bi.go.id/web/en,None,https://www.banktrack.org/bank/bank_central_asia,-6.1828854,106.8233231
Bank Danamon,http://www.danamon.co.id,"Jl. Prof. Dr. Satrio Kav. E IV No. 6,12950 Jakarta",Indonesia,Sng Seow Wah,http://www.danamon.co.id/Home/AboutDanamon/CorporateInformation/ManagementTeam/ProfilDewanDireksi/tabid/410/language/en-US/Default.aspx,Bank Indonesia,http://www.bi.go.id/web/en,http://www.danamon.co.id/Home/AboutDanamon/InformasiInvestor/StrukturKepemilikanSahamdanInformasiSaham/tabid/433/language/en-US/Default.aspx,https://www.banktrack.org/bank/bank_danamon,-6.2248993,106.8289523
Bank Gospodarki Żywnościowej,http://www.bgz.pl/en/about/index.html,"ul. Kasprzaka 10/16,01-211 Warsaw",Poland,Jozef Wancer,http://www.bgz.pl/en/about/authorities/,Narodowi Bank Polski,http://www.nbp.pl/homen.aspx?f=/srodeken.htm,None,https://www.banktrack.org/bank/bank_gospodarki_ywno_ciowej,52.2295622,20.9748787
Bank Gospodarstwa Krajowego (BGK),http://www.bgk.com.pl,"Al. Jerozolimskie 7,00-955 Warsaw",Poland,Wojciech Kowalczyk,http://www.bgk.com.pl/governance/governance,Narodowi Bank Polski,http://www.nbp.pl/homen.aspx?f=/srodeken.htm,None,https://www.banktrack.org/bank/bank_gospodarstwa_krajowego,52.2163629,20.9601566
Bank Millennium,http://www.bankmillennium.pl,"Stanislawa Zaryna 2A,02-593 Warsaw",Poland,Joao Bras Jorge,http://www.bankmillennium.pl/en/about-the-bank/corporate-bodies-and-governance/management-board/,Narodowi Bank Polski,http://www.nbp.pl/homen.aspx?f=/srodeken.htm,None,https://www.banktrack.org/bank/bank_millennium,52.2051639,20.9979595
Bank of Beijing,http://www.bankofbeijing.com.cn/en2011/index.html,"Bank of Beijing Mansion, No.17 Financial Street,Beijing",China,Yan Bingzhu,http://www.reuters.com/finance/stocks/officerProfile?symbol=601169.SS&officerId=1039157,China Banking and Investment Regulatory Commission (CBIRC),https://www.cbirc.gov.cn/en/view/pages/index/index.html,None,https://www.banktrack.org/bank/bank_of_beijing,39.9158421,116.3585665
Bank of Nanjing,http://www.njcb.com.cn/col/col1642/index.html,"No 288 Zhongshan Road,Xuanwu District Nanjing",China,Mr. Lin Fu,http://www.reuters.com/finance/stocks/officerProfile?symbol=601009.SS&officerId=999347,China Banking and Investment Regulatory Commission (CBIRC),https://www.cbirc.gov.cn/en/view/pages/index/index.html,http://www.njcb.com.cn/col/col1656/index.html,https://www.banktrack.org/bank/bank_of_nanjing,32.03629,118.84605
Bank of Ningbo,http://www.nbcb.cn/ywb/index.shtml,"No. 294, Zhongshan East Road,Ningbo, Zhejiang",China,Mr. Lu Huayu,http://www.reuters.com/finance/stocks/officerProfile?symbol=002142.SZ&officerId=999184,China Banking and Investment Regulatory Commission (CBIRC),https://www.cbirc.gov.cn/en/view/pages/index/index.html,None,https://www.banktrack.org/bank/bank_of_ningbo,29.66523,121.41574
Bankia,http://www.bankia.com/en/,"Calle Pintor Sorolla 8,E-46002 Valencia",Spain,None,None,Banco de España,http://www.bde.es/homee.htm,https://www.bankia.com/en/shareholders-and-investors/the-share/shareholder-structure/,https://www.banktrack.org/bank/bankia,39.4709036,-0.3729477
CITIC Bank International,http://www.cncbinternational.com/home/en/index.jsp,"232 Des Voeux Road Central,Hong Kong",China,Dr. Chen Xiaoxian,http://www.cncbinternational.com/about-us/our-management/en/index.jsp,China Banking and Investment Regulatory Commission (CBIRC),https://www.cbirc.gov.cn/en/view/pages/index/index.html,None,https://www.banktrack.org/bank/citic_bank_international,22.2862387,114.152621
Export-Import Bank of China,http://english.eximbank.gov.cn/,"No.30, Fu Xing Men Nei Street, Xi cheng District,,100031 Beijing",China,Hu Xiaolian,http://english.eximbank.gov.cn/tm/en-TE/index_628.html,China Banking and Investment Regulatory Commission (CBIRC),https://www.cbirc.gov.cn/en/view/pages/index/index.html,None,https://www.banktrack.org/bank/china_exim_bank,39.9060999,116.376
Finnfund,http://www.finnfund.fi/,"Uudenmaankatu 16B,FI-00121 Helsinki",Finland,Jaakko Kangasniemi,http://www.finnfund.fi/yritys/organisaatio/en_GB/managing_director/,None,None,None,https://www.banktrack.org/bank/finnfund,60.1639757,24.9401281
Getin Noble Bank,http://en.gnb.pl/,"Przyokopowa 33,01-208 Warsaw",Poland,Krzysztof Rosinski,http://en.gnb.pl/krzysztof-rosinski,Narodowi Bank Polski,http://www.nbp.pl/homen.aspx?f=/srodeken.htm,http://en.gnb.pl/akcjonariat,https://www.banktrack.org/bank/getin_noble_bank,52.2314807,20.9802472
HSH Nordbank,http://www.hsh-nordbank.com,"Gerhart-Hauptmann-Platz 50,20095 Hamburg",Germany,Constantin von Oesterreich,http://www.hsh-nordbank.com/en/corporation/unternehmensprofil_3/vorstand_5/vonoesterreich.jsp,Bundesbank,http://www.bundesbank.de/,None,https://www.banktrack.org/bank/hsh_nordbank,53.550953,9.998699499999999
Helaba,https://www.helaba.de,"Neue Mainzer Straße 52-58,D-60311 Frankfurt am Main",Germany,Hans-Dieter Brenner,https://www.helaba.de/en/DieHelaba/UeberUns/VorstandGremien,Bundesbank,http://www.bundesbank.de/,https://www.helaba.de/en/DieHelaba/UeberUns/RechtsformundTraeger,https://www.banktrack.org/bank/helaba,50.11254,8.672139999999999
Hua Xia Bank,http://www.hxb.com.cn/home/en/,"Hua Xia Bank Plaza, No.22 Jianguomennei Street, Dongcheng District,100005 Beijing",China,Jian Wu,http://www.hxb.com.cn/english/abouthxb/index.jsp?cid2=11800579067030141&cid3=11800579771400145,None,None,None,https://www.banktrack.org/bank/hua_xia_bank,39.90833,116.42696
Itaú Corpbanca,http://www.corpbanca.cl,"660 Rosario Norte Las Condes,Santiago",Chile,Milton Maluhy,https://banco.itau.cl/wps/wcm/connect/e624d6f8-7361-4dab-beeb-def21ed1062e/2016-05-05-Organization-Chart.pdf?MOD=AJPERES&CACHEID=e624d6f8-7361-4dab-beeb-def21ed1062e,Banco Central de Chile,http://www.bcentral.cl/eng/,http://www.corpbanca.cl/portal/?page=Document/doc_view_section.asp&id_document=6660&id_category=83,https://www.banktrack.org/bank/corpbanca,-33.4042181,-70.5734045
KfW,https://www.kfw.de/kfw.de-2.html,"Palmengartenstraße 5-9,60325 Frankfurt am Main",Germany,Dr Ulrich Schröder,https://www.kfw.de/KfW-Group/About-KfW/Vorstand-und-Gremien/Vorstand/,None,None,None,https://www.banktrack.org/bank/kfw,50.1203277,8.6558153
Life Insurance Corporation of India,http://www.licindia.in,"4th Floor, West Wing, Yogakshema,Jeevan Bhima Marg, Nariman Point,19953 Mumbai-400021",India,Shri S. K. Roy,http://www.licindia.in/board_of_directors.htm,India Insurance Regulatory and Development Authority,http://www.irda.gov.in/,None,https://www.banktrack.org/bank/life_insurance_corporation_of_india,18.9295855,72.8239451
NORD/LB,https://www.nordlb.com,"Friedrichswall 10,30159 Hanover",Germany,Gunter Dunkel,https://www.nordlb.com/fileadmin/redaktion/branchen/investorrelations/pdf/CV_Dunkel.pdf,None,None,https://www.nordlb.com/nordlb/about-us/portrait/,https://www.banktrack.org/bank/norddeutsche_landesbank_nordlb_,52.3679168,9.741583199999999
Otkritie Bank,http://www.openbank.ru,"2/4 Letnikovskaya St.,115114 Moscow",Russian Federation,Ruben Aganbegy,http://www.open.ru/en/about/team/managing_board/,Bank of Russia,http://www.cbr.ru/eng,http://ir.otkritiefc.ru/about-nomos/shareholders-structure/,https://www.banktrack.org/bank/otkritie_bank,55.7223856,37.6496105
Power Finance Corporation (PFC),http://www.pfcindia.com,"1, Barakhamba Lane, Connaught Place,110 001 New Delhi",India,Shri M.K.Goel,http://www.pfcindia.com/Content/Board_of_directors.aspx,Reserve Bank of India,https://www.rbi.org.in/,None,https://www.banktrack.org/bank/power_finance_corporation,28.6311833,77.22517529999999
RSF Social Finance,http://www.rsfsocialfinance.org,"1002A O’Reilly Avenue,CA 94129 San Francisco",United States,Don Shaffer,http://rsfsocialfinance.org/about/board/don-shaffer/,None,None,None,https://www.banktrack.org/bank/rsf_social_finance,37.8004042,-122.4508621
Suncorp,http://www.suncorpgroup.com.au,"36 Wickham Tce,4000 Brisbane",Australia,Patrick Snowball,http://www.suncorpgroup.com.au/about-us/our-leadership-team,Reserve Bank of Australia,http://www.rba.gov.au/,None,https://www.banktrack.org/bank/suncorp,-27.4647668,153.0275763
VTB,http://www.vtb.com/,"Ul. Bolshaya Morskaya, 29,,190000 St. Petersburg",Russian Federation,Andrei L. Kostin,http://www.vtb.com/group/management/guide/,None,None,http://www.generali.com/generalicom/home.do,https://www.banktrack.org/bank/vtb_bank,59.93388599999999,30.31381
Vnesheconombank,http://www.veb.ru/en/,"Akademika Sakharova Prospekt, 9,107996 Moscow",Russian Federation,V.A. Dmitriev,http://veb.ru/en/about/officials/board/,Central Bank of Russia,http://www.cbr.ru/eng/,None,https://www.banktrack.org/bank/vnesheconombank,55.772562,37.6455441
Wing Lung Bank,http://www.winglungbank.com/wlb_corporate/en/index.html,"45 Des Voeux Road Central, Central and Western District,Hong Kong Island",Hong Kong,Zhu Qi,http://www.winglungbank.com/wlb_corporate/en/about-us/corporate-information/management.html,None,None,None,https://www.banktrack.org/bank/wing_lung_bank,22.2834186,114.1571031
Zurich Kantonalbank,http://www.zkb.ch/de/center_worlds/englishwindow.html,"Bahnhofstrasse 9,8001 Zurich",Switzerland,Mr. Martin Scholl,http://www.zkb.ch/de/center_worlds/englishwindow/about_us/portrait/who_is_who/Executive_Board.html,Swiss National Bank,http://www.snb.ch/,None,https://www.banktrack.org/bank/zurich_kantonalbank,47.36816160000001,8.539703099999999
