,Bank,Company,Bank_Country,Company_Country,Amount,Bank_Zone,Company_Zone
0,ANZ,AGL Energy Ltd,Australia,Australia,116841312.6855469,Oceania,Oceania
1,ANZ,BHP Group Ltd,Australia,Australia,60357142.88,Oceania,Oceania
2,ANZ,Exxon Mobil Corp,Australia,United States,400000000.0,Oceania,United States
3,ANZ,Glencore PLC,Australia,Switzerland,424747395.3309328,Oceania,Europe
4,ANZ,Inpex Corp,Australia,Japan,3612244230.0,Oceania,Asia
5,ANZ,Shell PLC,Australia,United Kingdom,388000000.0,Oceania,Europe
6,ANZ,State Grid Corp of China,Australia,China,358913613.4298513,Oceania,China
7,ANZ,TotalEnergies SE,Australia,France,341250503.2317707,Oceania,Europe
8,ANZ,Zhejiang Provincial Energy Group Co Ltd,Australia,China,50000000.0,Oceania,China
9,Agricultural Bank of China,Beijing Energy Holding Co Ltd,China,China,1201041613.19675,China,China
10,Agricultural Bank of China,China Datang Corp,China,China,932240302.1743696,China,China
11,Agricultural Bank of China,China Energy Investment Corp Ltd,China,China,3045828706.92936,China,China
12,Agricultural Bank of China,China Huadian Corp Ltd,China,China,4886421111.494894,China,China
13,Agricultural Bank of China,China Huaneng Group Co Ltd,China,China,1864435662.129137,China,China
14,Agricultural Bank of China,China National Petroleum Corporation (CNPC),China,China,10405324300.0,China,China
15,Agricultural Bank of China,China ZhenHua Oil Co Ltd,China,China,247660875.0,China,China
16,Agricultural Bank of China,Guangdong Hengjian Investment Holding Co Ltd,China,China,1030151862.53,China,China
17,Agricultural Bank of China,Hebei Construction & Investment Group Co Ltd,China,China,329412531.0233705,China,China
18,Agricultural Bank of China,Huayang New Material Technology Group Co Ltd,China,China,558957500.0,China,China
19,Agricultural Bank of China,Hubei Yihua Chemical Industry Co Ltd,China,China,10218036.92,China,China
20,Agricultural Bank of China,Inner Mongolia Mengtai Group Co Ltd,China,China,43558611.5,China,China
21,Agricultural Bank of China,Inpex Corp,China,Japan,455769230.0,China,Asia
22,Agricultural Bank of China,Jinneng Holding Group Co Ltd,China,China,1488244834.182292,China,China
23,Agricultural Bank of China,Jizhong Energy Group Co Ltd,China,China,188894048.16,China,China
24,Agricultural Bank of China,Lu'an Chemical Group Co Ltd,China,China,185950879.8,China,China
25,Agricultural Bank of China,Shaanxi Yanchang Petroleum Group Co Ltd,China,China,1713916589.396029,China,China
26,Agricultural Bank of China,Shandong Energy Co Ltd,China,China,2036359206.06847,China,China
27,Agricultural Bank of China,Shenergy Group Co Ltd,China,China,197074281.6460693,China,China
28,Agricultural Bank of China,Shougang Group Co Ltd,China,China,1622303.169886687,China,China
29,Agricultural Bank of China,State Grid Corp of China,China,China,9679477550.00612,China,China
30,Agricultural Bank of China,Zhejiang Provincial Energy Group Co Ltd,China,China,645444945.0,China,China
31,BBVA,China Huadian Corp Ltd,Spain,China,45454545.0,Europe,China
32,BBVA,Glencore PLC,Spain,Switzerland,542201224.3097651,Europe,Europe
33,BBVA,Occidental Petroleum Corp,Spain,United States,161207213.8387928,Europe,United States
34,BBVA,Petróleos Mexicanos (PEMEX),Spain,Mexico,5041212288.918168,Europe,North America
35,BBVA,Repsol SA,Spain,Spain,799400504.5188018,Europe,Europe
36,BBVA,TotalEnergies SE,Spain,France,581173181.4049288,Europe,Europe
37,BNP Paribas,AGL Energy Ltd,France,Australia,116841312.6855469,Europe,Oceania
38,BNP Paribas,Adani Group,France,India,49809160.30534352,Europe,Asia
39,BNP Paribas,BHP Group Ltd,France,Australia,60357142.88,Europe,Oceania
40,BNP Paribas,Chevron Corp,France,United States,1221954123.0,Europe,United States
41,BNP Paribas,Delek Group Ltd,France,Israel,327878072.878125,Europe,Asia
42,BNP Paribas,Equinor ASA,France,Norway,1200090275.721994,Europe,Europe
43,BNP Paribas,Exxon Mobil Corp,France,United States,636120000.0,Europe,United States
44,BNP Paribas,Glencore PLC,France,Switzerland,573399948.0687791,Europe,Europe
45,BNP Paribas,Harbour Energy PLC,France,United Kingdom,1163461538.0,Europe,Europe
46,BNP Paribas,ITOCHU Corp,France,Japan,44166668.0,Europe,Asia
47,BNP Paribas,Indonesia Asahan Aluminium Persero PT,France,Indonesia,578451830.9557346,Europe,Asia
48,BNP Paribas,Inpex Corp,France,Japan,3197244230.0,Europe,Asia
49,BNP Paribas,Kuwait Petroleum Corp,France,Kuwait,142857143.0,Europe,Asia
50,BNP Paribas,Mitsubishi Corp,France,Japan,22675740.0,Europe,Asia
51,BNP Paribas,POSCO Holdings Inc,France,South Korea,182600240.5519161,Europe,Asia
52,BNP Paribas,PPL Corp,France,United States,81000000.0,Europe,United States
53,BNP Paribas,Pertamina Persero PT,France,Indonesia,1164880952.0,Europe,Asia
54,BNP Paribas,Petróleo Brasileiro SA – Petrobras,France,Brazil,2820234646.721015,Europe,South America
55,BNP Paribas,Petróleos Mexicanos (PEMEX),France,Mexico,3571359179.721732,Europe,North America
56,BNP Paribas,Repsol SA,France,Spain,467779504.5188018,Europe,Europe
57,BNP Paribas,Shell PLC,France,United Kingdom,8119811437.382341,Europe,Europe
58,BNP Paribas,TotalEnergies SE,France,France,8862372921.736874,Europe,Europe
59,BPCE/Natixis,Delek Group Ltd,France,Israel,199849492.04,Europe,Asia
60,BPCE/Natixis,Gazprom PJSC,France,Russia,200000000.0,Europe,Europe
61,BPCE/Natixis,Glencore PLC,France,Switzerland,22666666.61,Europe,Europe
62,BPCE/Natixis,Harbour Energy PLC,France,United Kingdom,38461538.0,Europe,Europe
63,BPCE/Natixis,Petróleos Mexicanos (PEMEX),France,Mexico,718084000.0,Europe,North America
64,BPCE/Natixis,Repsol SA,France,Spain,329647809.766093,Europe,Europe
65,BPCE/Natixis,Shell PLC,France,United Kingdom,821608000.0,Europe,Europe
66,BPCE/Natixis,TotalEnergies SE,France,France,859673429.0577798,Europe,Europe
67,Bank of America,Adani Group,United States,India,184945295.8842909,United States,Asia
68,Bank of America,BHP Group Ltd,United States,Australia,60357142.88,United States,Oceania
69,Bank of America,Chevron Corp,United States,United States,4659453457.0,United States,United States
70,Bank of America,China Huaneng Group Co Ltd,United States,China,165000000.0,United States,China
71,Bank of America,China National Petroleum Corporation (CNPC),United States,China,133333333.0,United States,China
72,Bank of America,ConocoPhillips,United States,United States,4774896124.0,United States,United States
73,Bank of America,Delek Group Ltd,United States,Israel,59741850.0,United States,Asia
74,Bank of America,Equinor ASA,United States,Norway,2450420275.721993,United States,Europe
75,Bank of America,Evraz PLC,United States,United Kingdom,334268.2063579558,United States,Europe
76,Bank of America,Exxon Mobil Corp,United States,United States,15330564109.0,United States,United States
77,Bank of America,Glencore PLC,United States,Switzerland,673735352.8661208,United States,Europe
78,Bank of America,ITOCHU Corp,United States,Japan,44166668.0,United States,Asia
79,Bank of America,Inpex Corp,United States,Japan,110000000.0,United States,Asia
80,Bank of America,Mitsubishi Corp,United States,Japan,20000000.0,United States,Asia
81,Bank of America,Occidental Petroleum Corp,United States,United States,12015796069.47664,United States,United States
82,Bank of America,POSCO Holdings Inc,United States,South Korea,182600240.5519161,United States,Asia
83,Bank of America,PPL Corp,United States,United States,1474126534.491241,United States,United States
84,Bank of America,Peabody Energy Corp,United States,United States,108000000.0,United States,United States
85,Bank of America,Petróleo Brasileiro SA – Petrobras,United States,Brazil,4828527722.090447,United States,South America
86,Bank of America,Petróleos Mexicanos (PEMEX),United States,Mexico,5924145989.2314,United States,North America
87,Bank of America,QatarEnergy,United States,Qatar,944444445.0,United States,Asia
88,Bank of America,Repsol SA,United States,Spain,413300504.5188018,United States,Europe
89,Bank of America,Shell PLC,United States,United Kingdom,1742590001.0,United States,Europe
90,Bank of America,State Grid Corp of China,United States,China,219741135.763945,United States,China
91,Bank of America,Teck Resources Ltd,United States,Canada,53822916.83890001,United States,North America
92,Bank of America,TotalEnergies SE,United States,France,2085119899.98131,United States,Europe
93,Bank of China,BHP Group Ltd,China,Australia,60357142.88,China,Oceania
94,Bank of China,Beijing Energy Holding Co Ltd,China,China,242834533.9393962,China,China
95,Bank of China,China COSCO Shipping Corp Ltd,China,China,2878203.407241891,China,China
96,Bank of China,China Coal Xinji Energy Co Ltd,China,China,72789500.0,China,China
97,Bank of China,China Datang Corp,China,China,984330561.144938,China,China
98,Bank of China,China Energy Investment Corp Ltd,China,China,2961799862.714994,China,China
99,Bank of China,China Huadian Corp Ltd,China,China,4542689897.998722,China,China
100,Bank of China,China Huaneng Group Co Ltd,China,China,4184287229.565833,China,China
101,Bank of China,China National Petroleum Corporation (CNPC),China,China,10087671912.0,China,China
102,Bank of China,China ZhenHua Oil Co Ltd,China,China,114730875.0,China,China
103,Bank of China,Gazprom PJSC,China,Russia,258649375.0,China,Europe
104,Bank of China,Guangdong Hanjian Investment Co Ltd,China,China,144016932.4647243,China,China
105,Bank of China,Guangdong Hengjian Investment Holding Co Ltd,China,China,643719754.4559786,China,China
106,Bank of China,Hebei Construction & Investment Group Co Ltd,China,China,209281384.4579719,China,China
107,Bank of China,Huayang New Material Technology Group Co Ltd,China,China,819980100.0,China,China
108,Bank of China,Inner Mongolia Yitai Investment Co Ltd,China,China,386218500.0,China,China
109,Bank of China,Inpex Corp,China,Japan,349769230.0,China,Asia
110,Bank of China,Jinneng Holding Group Co Ltd,China,China,2614619299.581139,China,China
111,Bank of China,Jizhong Energy Group Co Ltd,China,China,3084440932.78,China,China
112,Bank of China,Kailuan Group Ltd Liability Corp,China,China,166941900.0,China,China
113,Bank of China,Lu'an Chemical Group Co Ltd,China,China,588814993.65,China,China
114,Bank of China,Pertamina Persero PT,China,Indonesia,325925926.0,China,Asia
115,Bank of China,Petróleo Brasileiro SA – Petrobras,China,Brazil,838692376.695231,China,South America
116,Bank of China,Shaanxi Coal and Chemical Industry Group Co Ltd,China,China,2905042812.968891,China,China
117,Bank of China,Shaanxi Investment Group Co Ltd,China,China,242171850.0,China,China
118,Bank of China,Shaanxi Yanchang Petroleum Group Co Ltd,China,China,1221082595.976914,China,China
119,Bank of China,Shaanxi Yulin Energy Group Co Ltd,China,China,73900396.79902755,China,China
120,Bank of China,Shandong Energy Co Ltd,China,China,2781566595.550951,China,China
121,Bank of China,Shanxi Coking Coal Group Co Ltd,China,China,1409784932.525458,China,China
122,Bank of China,Shell PLC,China,United Kingdom,388000000.0,China,Europe
123,Bank of China,Shenergy Group Co Ltd,China,China,186162853.5786353,China,China
124,Bank of China,Shenmu City State-Owned Assets Operation Co,China,China,177088.944565824,China,China
125,Bank of China,State Grid Corp of China,China,China,5796964864.791008,China,China
126,Bank of China,Tianjin Energy Investment Co Ltd,China,China,38666372.25,China,China
127,Bank of China,Xin Jiang Guang Hui Industry Investment Group Co Ltd,China,China,11665187.22145962,China,China
128,Bank of China,Zhejiang Provincial Energy Group Co Ltd,China,China,545233230.0,China,China
129,Bank of Communications,Beijing Energy Holding Co Ltd,China,China,214348602.2244015,China,China
130,Bank of Communications,China Energy Investment Corp Ltd,China,China,923220212.2668704,China,China
131,Bank of Communications,China Huadian Corp Ltd,China,China,1651786926.383177,China,China
132,Bank of Communications,China Huaneng Group Co Ltd,China,China,579329825.5521103,China,China
133,Bank of Communications,China National Petroleum Corporation (CNPC),China,China,1121871000.0,China,China
134,Bank of Communications,Guangdong Hengjian Investment Holding Co Ltd,China,China,4119356.83899843,China,China
135,Bank of Communications,Hebei Construction & Investment Group Co Ltd,China,China,134627625.0,China,China
136,Bank of Communications,Huayang New Material Technology Group Co Ltd,China,China,1067798875.0,China,China
137,Bank of Communications,Inner Mongolia Yitai Investment Co Ltd,China,China,151888000.0,China,China
138,Bank of Communications,Inpex Corp,China,Japan,70000000.0,China,Asia
139,Bank of Communications,Jinneng Holding Group Co Ltd,China,China,2025139491.767491,China,China
140,Bank of Communications,Jizhong Energy Group Co Ltd,China,China,2640935679.5,China,China
141,Bank of Communications,Kailuan Group Ltd Liability Corp,China,China,201553131.85,China,China
142,Bank of Communications,Lu'an Chemical Group Co Ltd,China,China,290287362.3,China,China
143,Bank of Communications,Shaanxi Coal and Chemical Industry Group Co Ltd,China,China,1316734698.49495,China,China
144,Bank of Communications,Shaanxi Investment Group Co Ltd,China,China,339059400.0,China,China
145,Bank of Communications,Shaanxi Yanchang Petroleum Group Co Ltd,China,China,2767042275.474897,China,China
146,Bank of Communications,Shandong Energy Co Ltd,China,China,1031805522.799869,China,China
147,Bank of Communications,Shenergy Group Co Ltd,China,China,1032923980.680304,China,China
148,Bank of Communications,State Grid Corp of China,China,China,7031570250.0,China,China
149,Bank of Communications,Zhejiang Provincial Energy Group Co Ltd,China,China,174767270.0,China,China
150,Bank of Montreal,Arch Resources Inc,Canada,United States,128178572.0,North America,United States
151,Bank of Montreal,Chevron Corp,Canada,United States,300000000.0,North America,United States
152,Bank of Montreal,ConocoPhillips,Canada,United States,228571429.0,North America,United States
153,Bank of Montreal,Glencore PLC,Canada,Switzerland,564006689.8483073,North America,Europe
154,Bank of Montreal,Harbour Energy PLC,Canada,United Kingdom,1125000000.0,North America,Europe
155,Bank of Montreal,PPL Corp,Canada,United States,67499999.73,North America,United States
156,Bank of Montreal,Peabody Energy Corp,Canada,United States,275500000.0,North America,United States
157,Bank of Montreal,Teck Resources Ltd,Canada,Canada,524019916.8389001,North America,North America
158,Barclays,Adani Group,United Kingdom,India,640765354.6669874,Europe,Asia
159,Barclays,BHP Group Ltd,United Kingdom,Australia,60357142.88,Europe,Oceania
160,Barclays,Chevron Corp,United Kingdom,United States,3576120124.0,Europe,United States
161,Barclays,ConocoPhillips,United Kingdom,United States,1565502105.0,Europe,United States
162,Barclays,Equinor ASA,United Kingdom,Norway,2450090275.721993,Europe,Europe
163,Barclays,Evraz PLC,United Kingdom,United Kingdom,198969.1696552875,Europe,Europe
164,Barclays,Exxon Mobil Corp,United Kingdom,United States,12997230776.0,Europe,United States
165,Barclays,Glencore PLC,United Kingdom,Switzerland,617933284.5599704,Europe,Europe
166,Barclays,Harbour Energy PLC,United Kingdom,United Kingdom,38461538.0,Europe,Europe
167,Barclays,NTPC Ltd,United Kingdom,India,333014276.76,Europe,Asia
168,Barclays,Occidental Petroleum Corp,United Kingdom,United States,4034682261.346275,Europe,United States
169,Barclays,PPL Corp,United Kingdom,United States,1843792732.262933,Europe,United States
170,Barclays,Petróleos Mexicanos (PEMEX),United Kingdom,Mexico,1441435571.840682,Europe,North America
171,Barclays,Repsol SA,United Kingdom,Spain,370786330.7839388,Europe,Europe
172,Barclays,Shell PLC,United Kingdom,United Kingdom,6736049182.5,Europe,Europe
173,Barclays,Teck Resources Ltd,United Kingdom,Canada,53822916.83890001,Europe,North America
174,Barclays,TotalEnergies SE,United Kingdom,France,3266666388.531565,Europe,Europe
175,CIBC,BHP Group Ltd,Canada,Australia,60357142.88,North America,Oceania
176,CIBC,Equinor ASA,Canada,Norway,298899358.7219936,North America,Europe
177,CIBC,Glencore PLC,Canada,Switzerland,39741920.0,North America,Europe
178,CIBC,PPL Corp,Canada,United States,243000000.0,North America,United States
179,CIBC,Teck Resources Ltd,Canada,Canada,4239092916.838901,North America,North America
180,CaixaBank,Inpex Corp,Spain,Japan,43000000.0,Europe,Asia
181,CaixaBank,Repsol SA,Spain,Spain,369641870.7922244,Europe,Europe
182,China CITIC Bank,Beijing Energy Holding Co Ltd,China,China,990842211.6320438,China,China
183,China CITIC Bank,China Datang Corp,China,China,957787417.690982,China,China
184,China CITIC Bank,China Energy Investment Corp Ltd,China,China,1742086902.608001,China,China
185,China CITIC Bank,China Huadian Corp Ltd,China,China,8638466388.732302,China,China
186,China CITIC Bank,China Huaneng Group Co Ltd,China,China,2770361183.988577,China,China
187,China CITIC Bank,China National Petroleum Corporation (CNPC),China,China,2160796278.0,China,China
188,China CITIC Bank,Guangdong Hengjian Investment Holding Co Ltd,China,China,175358460.8724661,China,China
189,China CITIC Bank,Hebei Construction & Investment Group Co Ltd,China,China,225961665.4813423,China,China
190,China CITIC Bank,Huayang New Material Technology Group Co Ltd,China,China,55787625.0,China,China
191,China CITIC Bank,Jinneng Holding Group Co Ltd,China,China,5883659021.640965,China,China
192,China CITIC Bank,Jizhong Energy Group Co Ltd,China,China,1020178131.0,China,China
193,China CITIC Bank,Kailuan Group Ltd Liability Corp,China,China,137487180.0,China,China
194,China CITIC Bank,Lu'an Chemical Group Co Ltd,China,China,550676715.72,China,China
195,China CITIC Bank,Shaanxi Coal and Chemical Industry Group Co Ltd,China,China,538583630.0664495,China,China
196,China CITIC Bank,Shaanxi Investment Group Co Ltd,China,China,480327450.0,China,China
197,China CITIC Bank,Shaanxi Yanchang Petroleum Group Co Ltd,China,China,863846794.0473204,China,China
198,China CITIC Bank,Shaanxi Yulin Energy Group Co Ltd,China,China,112672954.8038898,China,China
199,China CITIC Bank,Shandong Energy Co Ltd,China,China,789915858.3536717,China,China
200,China CITIC Bank,Shanxi Coking Coal Group Co Ltd,China,China,36238149.06925625,China,China
201,China CITIC Bank,State Grid Corp of China,China,China,1556681625.0,China,China
202,China CITIC Bank,Zhejiang Provincial Energy Group Co Ltd,China,China,175777110.0,China,China
203,China Construction Bank,Anhui Province Wanbei Coal-Electricity Group Co Ltd,China,China,16837705.0,China,China
204,China Construction Bank,BHP Group Ltd,China,Australia,60357142.88,China,Oceania
205,China Construction Bank,Beijing Energy Holding Co Ltd,China,China,186247500.0,China,China
206,China Construction Bank,China Datang Corp,China,China,1130293870.293512,China,China
207,China Construction Bank,China Energy Investment Corp Ltd,China,China,4000340675.144654,China,China
208,China Construction Bank,China Huadian Corp Ltd,China,China,5012621799.578665,China,China
209,China Construction Bank,China Huaneng Group Co Ltd,China,China,2297434005.046359,China,China
210,China Construction Bank,China National Petroleum Corporation (CNPC),China,China,5232419133.0,China,China
211,China Construction Bank,China ZhenHua Oil Co Ltd,China,China,66888450.0,China,China
212,China Construction Bank,Elion Resources Group Ltd,China,China,111548000.0,China,China
213,China Construction Bank,Guangdong Hengjian Investment Holding Co Ltd,China,China,716149494.9525303,China,China
214,China Construction Bank,Hebei Construction & Investment Group Co Ltd,China,China,157802166.6319315,China,China
215,China Construction Bank,Huayang New Material Technology Group Co Ltd,China,China,1877653850.0,China,China
216,China Construction Bank,Inpex Corp,China,Japan,230769230.0,China,Asia
217,China Construction Bank,Jinneng Holding Group Co Ltd,China,China,5127415119.335449,China,China
218,China Construction Bank,Jizhong Energy Group Co Ltd,China,China,2475091553.62,China,China
219,China Construction Bank,Kailuan Group Ltd Liability Corp,China,China,179116800.0,China,China
220,China Construction Bank,Lu'an Chemical Group Co Ltd,China,China,237180978.45,China,China
221,China Construction Bank,Shaanxi Coal and Chemical Industry Group Co Ltd,China,China,1634957039.66299,China,China
222,China Construction Bank,Shaanxi Investment Group Co Ltd,China,China,69246495.0,China,China
223,China Construction Bank,Shaanxi Yanchang Petroleum Group Co Ltd,China,China,1563017998.495001,China,China
224,China Construction Bank,Shaanxi Yulin Energy Group Co Ltd,China,China,112672954.8038898,China,China
225,China Construction Bank,Shandong Energy Co Ltd,China,China,727339522.1207619,China,China
226,China Construction Bank,Shenergy Group Co Ltd,China,China,300592374.4298698,China,China
227,China Construction Bank,State Grid Corp of China,China,China,4972237158.558748,China,China
228,China Construction Bank,Zhejiang Provincial Energy Group Co Ltd,China,China,1297567175.0,China,China
229,China Everbright Bank,Anhui Province Wanbei Coal-Electricity Group Co Ltd,China,China,35347250.0,China,China
230,China Everbright Bank,Beijing Energy Holding Co Ltd,China,China,1439895373.539676,China,China
231,China Everbright Bank,China Datang Corp,China,China,1438893994.016519,China,China
232,China Everbright Bank,China Energy Investment Corp Ltd,China,China,416942664.398119,China,China
233,China Everbright Bank,China Huadian Corp Ltd,China,China,3779865242.07832,China,China
234,China Everbright Bank,China Huaneng Group Co Ltd,China,China,493962984.9152269,China,China
235,China Everbright Bank,China National Petroleum Corporation (CNPC),China,China,1419870000.0,China,China
236,China Everbright Bank,Hebei Construction & Investment Group Co Ltd,China,China,39070250.0,China,China
237,China Everbright Bank,Huayang New Material Technology Group Co Ltd,China,China,3040587500.0,China,China
238,China Everbright Bank,Inner Mongolia Yitai Investment Co Ltd,China,China,291786000.0,China,China
239,China Everbright Bank,Jinneng Holding Group Co Ltd,China,China,7991117527.761551,China,China
240,China Everbright Bank,Jizhong Energy Group Co Ltd,China,China,1296301296.0,China,China
241,China Everbright Bank,Lu'an Chemical Group Co Ltd,China,China,726783540.6,China,China
242,China Everbright Bank,Shaanxi Coal and Chemical Industry Group Co Ltd,China,China,46568672.07170913,China,China
243,China Everbright Bank,Shaanxi Investment Group Co Ltd,China,China,34848225.0,China,China
244,China Everbright Bank,Shandong Energy Co Ltd,China,China,262357718.7047069,China,China
245,China Everbright Bank,State Grid Corp of China,China,China,4211464500.0,China,China
246,China Everbright Bank,Xin Jiang Guang Hui Industry Investment Group Co Ltd,China,China,16961745.67514458,China,China
247,China Everbright Bank,Zhejiang Provincial Energy Group Co Ltd,China,China,45454545.0,China,China
248,China Merchants Bank,Beijing Energy Holding Co Ltd,China,China,2382553454.521473,China,China
249,China Merchants Bank,China Datang Corp,China,China,2864811320.271606,China,China
250,China Merchants Bank,China Energy Investment Corp Ltd,China,China,1762001697.601762,China,China
251,China Merchants Bank,China Huadian Corp Ltd,China,China,5524667004.797451,China,China
252,China Merchants Bank,China Huaneng Group Co Ltd,China,China,1910964621.226545,China,China
253,China Merchants Bank,China National Petroleum Corporation (CNPC),China,China,71405278.0,China,China
254,China Merchants Bank,China ZhenHua Oil Co Ltd,China,China,66888450.0,China,China
255,China Merchants Bank,Guangdong Hengjian Investment Holding Co Ltd,China,China,399981882.7710784,China,China
256,China Merchants Bank,Hebei Construction & Investment Group Co Ltd,China,China,34652500.0,China,China
257,China Merchants Bank,Huayang New Material Technology Group Co Ltd,China,China,72093500.0,China,China
258,China Merchants Bank,Hubei Yihua Chemical Industry Co Ltd,China,China,10218036.92,China,China
259,China Merchants Bank,Inner Mongolia Yitai Investment Co Ltd,China,China,43656900.0,China,China
260,China Merchants Bank,Jinneng Holding Group Co Ltd,China,China,3558116677.69351,China,China
261,China Merchants Bank,Jizhong Energy Group Co Ltd,China,China,126396465.0,China,China
262,China Merchants Bank,Kailuan Group Ltd Liability Corp,China,China,29091279.7,China,China
263,China Merchants Bank,Lu'an Chemical Group Co Ltd,China,China,868983719.4,China,China
264,China Merchants Bank,Shaanxi Coal and Chemical Industry Group Co Ltd,China,China,687075056.2137834,China,China
265,China Merchants Bank,Shaanxi Investment Group Co Ltd,China,China,230941200.0,China,China
266,China Merchants Bank,Shaanxi Yanchang Petroleum Group Co Ltd,China,China,3745733470.044609,China,China
267,China Merchants Bank,Shandong Energy Co Ltd,China,China,769252213.2525488,China,China
268,China Merchants Bank,Shenergy Group Co Ltd,China,China,574246044.019267,China,China
269,China Merchants Bank,State Grid Corp of China,China,China,886284000.0,China,China
270,China Merchants Bank,Xin Jiang Guang Hui Industry Investment Group Co Ltd,China,China,340956107.9369203,China,China
271,China Merchants Bank,Zhejiang Provincial Energy Group Co Ltd,China,China,340577145.0,China,China
272,China Minsheng Bank,Beijing Energy Holding Co Ltd,China,China,477050069.7031533,China,China
273,China Minsheng Bank,China Coal Xinji Energy Co Ltd,China,China,72789500.0,China,China
274,China Minsheng Bank,China Datang Corp,China,China,227825045.1738193,China,China
275,China Minsheng Bank,China Huadian Corp Ltd,China,China,404159788.9135042,China,China
276,China Minsheng Bank,China Huaneng Group Co Ltd,China,China,383570344.6557182,China,China
277,China Minsheng Bank,China National Petroleum Corporation (CNPC),China,China,13693685000.0,China,China
278,China Minsheng Bank,Guangdong Hengjian Investment Holding Co Ltd,China,China,448421485.622509,China,China
279,China Minsheng Bank,Hebei Construction & Investment Group Co Ltd,China,China,19603875.0,China,China
280,China Minsheng Bank,Huayang New Material Technology Group Co Ltd,China,China,884315125.0,China,China
281,China Minsheng Bank,Jinneng Holding Group Co Ltd,China,China,1378719132.671064,China,China
282,China Minsheng Bank,Jizhong Energy Group Co Ltd,China,China,126731550.0,China,China
283,China Minsheng Bank,Kailuan Group Ltd Liability Corp,China,China,8537760.0,China,China
284,China Minsheng Bank,Lu'an Chemical Group Co Ltd,China,China,248984025.6,China,China
285,China Minsheng Bank,Shaanxi Coal and Chemical Industry Group Co Ltd,China,China,426501899.9148909,China,China
286,China Minsheng Bank,Shaanxi Investment Group Co Ltd,China,China,43113300.0,China,China
287,China Minsheng Bank,Shandong Energy Co Ltd,China,China,352711335.2136236,China,China
288,China Minsheng Bank,Shanxi Coking Coal Group Co Ltd,China,China,374238888.1835929,China,China
289,China Minsheng Bank,State Grid Corp of China,China,China,2016220750.0,China,China
290,China Minsheng Bank,Xin Jiang Guang Hui Industry Investment Group Co Ltd,China,China,23424183.58942033,China,China
291,China Minsheng Bank,Zhejiang Provincial Energy Group Co Ltd,China,China,45454545.0,China,China
292,Citi,Adani Group,United States,India,229644804.1597555,United States,Asia
293,Citi,Alliance Resource Partners LP,United States,United States,348920833.0,United States,United States
294,Citi,Arch Resources Inc,United States,United States,224928572.0,United States,United States
295,Citi,BHP Group Ltd,United States,Australia,60357142.88,United States,Oceania
296,Citi,Bulgarian Energy Holding EAD,United States,Bulgaria,239247430.0,United States,Europe
297,Citi,Chevron Corp,United States,United States,5449329457.0,United States,United States
298,Citi,China Datang Corp,United States,China,89710221.46000001,United States,China
299,Citi,China Huadian Corp Ltd,United States,China,36983433.43777198,United States,China
300,Citi,China Huaneng Group Co Ltd,United States,China,148888656.219359,United States,China
301,Citi,China National Petroleum Corporation (CNPC),United States,China,133333333.0,United States,China
302,Citi,ConocoPhillips,United States,United States,2388636361.0,United States,United States
303,Citi,Equinor ASA,United States,Norway,1798899358.721994,United States,Europe
304,Citi,Evraz PLC,United States,United Kingdom,677613.6043421046,United States,Europe
305,Citi,Exxaro Resources Ltd,United States,South Africa,307276057.6375915,United States,Africa
306,Citi,Exxon Mobil Corp,United States,United States,15330564109.0,United States,United States
307,Citi,Glencore PLC,United States,Switzerland,665547682.7802929,United States,Europe
308,Citi,Hess Corporation,United States,United States,714285714.0,United States,United States
309,Citi,ITOCHU Corp,United States,Japan,704384393.4,United States,Asia
310,Citi,Indian Oil Corp Ltd,United States,India,178200000.0,United States,Asia
311,Citi,Indika Energy Tbk PT,United States,Indonesia,414968898.267,United States,Asia
312,Citi,Indonesia Asahan Aluminium Persero PT,United States,Indonesia,510335048.8318794,United States,Asia
313,Citi,Inpex Corp,United States,Japan,545000000.0,United States,Asia
314,Citi,Jinneng Holding Group Co Ltd,United States,China,37693744.47533107,United States,China
315,Citi,Kuwait Petroleum Corp,United States,Kuwait,142857143.0,United States,Asia
316,Citi,Mitsubishi Corp,United States,Japan,333078652.7024406,United States,Asia
317,Citi,NTPC Ltd,United States,India,496794823.5,United States,Asia
318,Citi,Occidental Petroleum Corp,United States,United States,11364724641.47664,United States,United States
319,Citi,POSCO Holdings Inc,United States,South Korea,242899370.3687962,United States,Asia
320,Citi,PPL Corp,United States,United States,1618058695.837004,United States,United States
321,Citi,Peabody Energy Corp,United States,United States,800000000.0,United States,United States
322,Citi,Pertamina Persero PT,United States,Indonesia,1221547619.0,United States,Asia
323,Citi,Petróleo Brasileiro SA – Petrobras,United States,Brazil,5648171937.234013,United States,South America
324,Citi,Petróleos Mexicanos (PEMEX),United States,Mexico,7139733671.468018,United States,North America
325,Citi,QatarEnergy,United States,Qatar,1744444445.0,United States,Asia
326,Citi,Repsol SA,United States,Spain,535756306.7386871,United States,Europe
327,Citi,Shandong Energy Co Ltd,United States,China,63144722.32786885,United States,China
328,Citi,Shell PLC,United States,United Kingdom,2771333333.0,United States,Europe
329,Citi,Shenergy Group Co Ltd,United States,China,35271222.85406535,United States,China
330,Citi,State Grid Corp of China,United States,China,360511278.1752198,United States,China
331,Citi,Teck Resources Ltd,United States,Canada,53822916.83890001,United States,North America
332,Citi,TotalEnergies SE,United States,France,2765002062.522599,United States,Europe
333,Citi,Xin Jiang Guang Hui Industry Investment Group Co Ltd,United States,China,6802603.945534943,United States,China
334,Citi,Yangcheng County Yangtai Group Industrial Co Ltd,United States,China,39513103.5816835,United States,China
335,Commerzbank,Gazprom PJSC,Germany,Russia,404654672.6379588,Europe,Europe
336,Commerzbank,Glencore PLC,Germany,Switzerland,555194497.0370378,Europe,Europe
337,Commerzbank,Inpex Corp,Germany,Japan,230769230.0,Europe,Asia
338,Commerzbank,Mitsubishi Corp,Germany,Japan,22675740.0,Europe,Asia
339,Commerzbank,Repsol SA,Germany,Spain,113365880.5544933,Europe,Europe
340,Commerzbank,Shell PLC,Germany,United Kingdom,47690190.0,Europe,Europe
341,Commerzbank,TotalEnergies SE,Germany,France,118360000.0,Europe,Europe
342,Commonwealth Bank,Glencore PLC,Australia,Switzerland,464489315.3309328,Oceania,Europe
343,Commonwealth Bank,Inpex Corp,Australia,Japan,1050875000.0,Oceania,Asia
344,Commonwealth Bank,State Grid Corp of China,Australia,China,196429742.5471841,Oceania,China
345,Credit Suisse,Adani Group,Switzerland,India,168461960.7288068,Europe,Asia
346,Credit Suisse,Arch Resources Inc,Switzerland,United States,128178572.0,Europe,United States
347,Credit Suisse,Chevron Corp,Switzerland,United States,112629612.0,Europe,United States
348,Credit Suisse,China Huadian Corp Ltd,Switzerland,China,198917832.9366802,Europe,China
349,Credit Suisse,China Huaneng Group Co Ltd,Switzerland,China,255785206.4830106,Europe,China
350,Credit Suisse,ConocoPhillips,Switzerland,United States,1865241364.0,Europe,United States
351,Credit Suisse,Evraz PLC,Switzerland,United Kingdom,319469.0975300091,Europe,Europe
352,Credit Suisse,Gazprom PJSC,Switzerland,Russia,136103750.0,Europe,Europe
353,Credit Suisse,Glencore PLC,Switzerland,Switzerland,688763894.7875963,Europe,Europe
354,Credit Suisse,Huayang New Material Technology Group Co Ltd,Switzerland,China,217896969.945,Europe,China
355,Credit Suisse,PPL Corp,Switzerland,United States,374625000.0,Europe,United States
356,Credit Suisse,Peabody Energy Corp,Switzerland,United States,1303961680.0,Europe,United States
357,Credit Suisse,Petróleo Brasileiro SA – Petrobras,Switzerland,Brazil,596266121.31,Europe,South America
358,Credit Suisse,Petróleos Mexicanos (PEMEX),Switzerland,Mexico,91615500.0,Europe,North America
359,Credit Suisse,QatarEnergy,Switzerland,Qatar,944444445.0,Europe,Asia
360,Credit Suisse,Repsol SA,Switzerland,Spain,113365880.5544933,Europe,Europe
361,Credit Suisse,Shell PLC,Switzerland,United Kingdom,388000000.0,Europe,Europe
362,Credit Suisse,State Grid Corp of China,Switzerland,China,219741135.763945,Europe,China
363,Credit Suisse,Titan Infra Energy PT,Switzerland,Indonesia,135000000.0,Europe,Asia
364,Credit Suisse,TotalEnergies SE,Switzerland,France,1400156359.216577,Europe,Europe
365,Crédit Agricole,BHP Group Ltd,France,Australia,60357142.88,Europe,Oceania
366,Crédit Agricole,China National Petroleum Corporation (CNPC),France,China,133333333.0,Europe,China
367,Crédit Agricole,ConocoPhillips,France,United States,375000000.0,Europe,United States
368,Crédit Agricole,Equinor ASA,France,Norway,298899358.7219936,Europe,Europe
369,Crédit Agricole,Gazprom PJSC,France,Russia,945024645.218948,Europe,Europe
370,Crédit Agricole,Glencore PLC,France,Switzerland,622866454.2580662,Europe,Europe
371,Crédit Agricole,Harbour Energy PLC,France,United Kingdom,38461538.0,Europe,Europe
372,Crédit Agricole,ITOCHU Corp,France,Japan,44166668.0,Europe,Asia
373,Crédit Agricole,Inpex Corp,France,Japan,1886644230.0,Europe,Asia
374,Crédit Agricole,Kuwait Petroleum Corp,France,Kuwait,142857143.0,Europe,Asia
375,Crédit Agricole,POSCO Holdings Inc,France,South Korea,42266681.32394297,Europe,Asia
376,Crédit Agricole,Pertamina Persero PT,France,Indonesia,1139206348.0,Europe,Asia
377,Crédit Agricole,Petróleo Brasileiro SA – Petrobras,France,Brazil,2721729597.983349,Europe,South America
378,Crédit Agricole,Petróleos Mexicanos (PEMEX),France,Mexico,2694468590.77105,Europe,North America
379,Crédit Agricole,Repsol SA,France,Spain,236966142.766093,Europe,Europe
380,Crédit Agricole,Shell PLC,France,United Kingdom,388000000.0,Europe,Europe
381,Crédit Agricole,State Grid Corp of China,France,China,38201956.46988373,Europe,China
382,Crédit Agricole,TotalEnergies SE,France,France,9457456016.163162,Europe,Europe
383,DZ Bank,Indian Oil Corp Ltd,Germany,India,74969845.57638086,Europe,Asia
384,DZ Bank,TotalEnergies SE,Germany,France,75000000.0,Europe,Europe
385,Deutsche Bank,Adani Group,Germany,India,230040744.996236,Europe,Asia
386,Deutsche Bank,BHP Group Ltd,Germany,Australia,60357142.88,Europe,Oceania
387,Deutsche Bank,Bayan Resources Tbk PT,Germany,Indonesia,200000000.0,Europe,Asia
388,Deutsche Bank,Chevron Corp,Germany,United States,32343750.0,Europe,United States
389,Deutsche Bank,China National Petroleum Corporation (CNPC),Germany,China,174336000.0,Europe,China
390,Deutsche Bank,ConocoPhillips,Germany,United States,375000000.0,Europe,United States
391,Deutsche Bank,Delek Group Ltd,Germany,Israel,78066207.828125,Europe,Asia
392,Deutsche Bank,Electricity Generating PCL,Germany,Thailand,104003337.6094426,Europe,Asia
393,Deutsche Bank,Equinor ASA,Germany,Norway,631902358.7219937,Europe,Europe
394,Deutsche Bank,Evraz PLC,Germany,United Kingdom,358144.5068120955,Europe,Europe
395,Deutsche Bank,Exxaro Resources Ltd,Germany,South Africa,59119623.84232538,Europe,Africa
396,Deutsche Bank,Exxon Mobil Corp,Germany,United States,2997231111.0,Europe,United States
397,Deutsche Bank,Gazprom PJSC,Germany,Russia,1000905910.999391,Europe,Europe
398,Deutsche Bank,Glencore PLC,Germany,Switzerland,715363786.9173045,Europe,Europe
399,Deutsche Bank,Hebei Construction & Investment Group Co Ltd,Germany,China,239639209.9612024,Europe,China
400,Deutsche Bank,Huayang New Material Technology Group Co Ltd,Germany,China,217896969.945,Europe,China
401,Deutsche Bank,Indika Energy Tbk PT,Germany,Indonesia,222304766.92875,Europe,Asia
402,Deutsche Bank,Jinneng Holding Group Co Ltd,Germany,China,271541958.3815905,Europe,China
403,Deutsche Bank,Lu'an Chemical Group Co Ltd,Germany,China,54213985.5504,Europe,China
404,Deutsche Bank,NTPC Ltd,Germany,India,263658188.97,Europe,Asia
405,Deutsche Bank,Occidental Petroleum Corp,Germany,United States,428571428.0,Europe,United States
406,Deutsche Bank,Peabody Energy Corp,Germany,United States,188000000.0,Europe,United States
407,Deutsche Bank,Pertamina Persero PT,Germany,Indonesia,525000000.0,Europe,Asia
408,Deutsche Bank,Petróleo Brasileiro SA – Petrobras,Germany,Brazil,132857142.99,Europe,South America
409,Deutsche Bank,Petróleos Mexicanos (PEMEX),Germany,Mexico,2325263625.27,Europe,North America
410,Deutsche Bank,QatarEnergy,Germany,Qatar,1744444445.0,Europe,Asia
411,Deutsche Bank,Repsol SA,Germany,Spain,222481203.7922243,Europe,Europe
412,Deutsche Bank,Shandong Energy Co Ltd,Germany,China,626074989.0054029,Europe,China
413,Deutsche Bank,Shanxi Coking Coal Group Co Ltd,Germany,China,121847273.73,Europe,China
414,Deutsche Bank,Shell PLC,Germany,United Kingdom,4036358749.0,Europe,Europe
415,Deutsche Bank,State Grid Corp of China,Germany,China,344374134.8820747,Europe,China
416,Deutsche Bank,Teck Resources Ltd,Germany,Canada,53822916.83890001,Europe,North America
417,Deutsche Bank,TotalEnergies SE,Germany,France,2091275110.286798,Europe,Europe
418,Goldman Sachs,Arch Resources Inc,United States,United States,96750000.0,United States,United States
419,Goldman Sachs,BHP Group Ltd,United States,Australia,60357142.88,United States,Oceania
420,Goldman Sachs,Chevron Corp,United States,United States,968181803.0,United States,United States
421,Goldman Sachs,China Energy Investment Corp Ltd,United States,China,267157909.9802716,United States,China
422,Goldman Sachs,China National Petroleum Corporation (CNPC),United States,China,1123751711.0,United States,China
423,Goldman Sachs,ConocoPhillips,United States,United States,280112497.0,United States,United States
424,Goldman Sachs,Delek Group Ltd,United States,Israel,59741850.0,United States,Asia
425,Goldman Sachs,Equinor ASA,United States,Norway,1450420275.721994,United States,Europe
426,Goldman Sachs,Glencore PLC,United States,Switzerland,114349353.14,United States,Europe
427,Goldman Sachs,Hess Corporation,United States,United States,3528035714.0,United States,United States
428,Goldman Sachs,Mitsubishi Corp,United States,Japan,85972237.37474473,United States,Asia
429,Goldman Sachs,POSCO Holdings Inc,United States,South Korea,44518915.79542806,United States,Asia
430,Goldman Sachs,PPL Corp,United States,United States,278065322.1186396,United States,United States
431,Goldman Sachs,Peabody Energy Corp,United States,United States,1110041667.0,United States,United States
432,Goldman Sachs,Petróleo Brasileiro SA – Petrobras,United States,Brazil,1277355566.837437,United States,South America
433,Goldman Sachs,Petróleos Mexicanos (PEMEX),United States,Mexico,2776552300.7514,United States,North America
434,Goldman Sachs,QatarEnergy,United States,Qatar,1744444445.0,United States,Asia
435,Goldman Sachs,Repsol SA,United States,Spain,638902261.4869344,United States,Europe
436,Goldman Sachs,Shandong Energy Co Ltd,United States,China,199730423.4811788,United States,China
437,Goldman Sachs,Shell PLC,United States,United Kingdom,3801418333.0,United States,Europe
438,Goldman Sachs,State Grid Corp of China,United States,China,494459187.054012,United States,China
439,Goldman Sachs,Teck Resources Ltd,United States,Canada,213999916.8389,United States,North America
440,Goldman Sachs,TotalEnergies SE,United States,France,2204754467.799752,United States,Europe
441,HSBC,Chevron Corp,United Kingdom,United States,1189610373.0,Europe,United States
442,HSBC,China Huadian Corp Ltd,United Kingdom,China,36983433.43777198,Europe,China
443,HSBC,China Huaneng Group Co Ltd,United Kingdom,China,237417265.8711732,Europe,China
444,HSBC,China National Petroleum Corporation (CNPC),United Kingdom,China,133333333.0,Europe,China
445,HSBC,ConocoPhillips,United Kingdom,United States,1788636364.0,Europe,United States
446,HSBC,Delek Group Ltd,United Kingdom,Israel,934741850.0,Europe,Asia
447,HSBC,Exxon Mobil Corp,United Kingdom,United States,7497230776.0,Europe,United States
448,HSBC,Glencore PLC,United Kingdom,Switzerland,582319409.129357,Europe,Europe
449,HSBC,Guangdong Hengjian Investment Holding Co Ltd,United Kingdom,China,5886858.122508993,Europe,China
450,HSBC,Harbour Energy PLC,United Kingdom,United Kingdom,38461538.0,Europe,Europe
451,HSBC,ITOCHU Corp,United Kingdom,Japan,44166668.0,Europe,Asia
452,HSBC,Indonesia Asahan Aluminium Persero PT,United Kingdom,Indonesia,370858035.8865595,Europe,Asia
453,HSBC,Kuwait Petroleum Corp,United Kingdom,Kuwait,142857143.0,Europe,Asia
454,HSBC,NTPC Ltd,United Kingdom,India,93000000.0,Europe,Asia
455,HSBC,Occidental Petroleum Corp,United Kingdom,United States,4037340866.471045,Europe,United States
456,HSBC,POSCO Holdings Inc,United Kingdom,South Korea,182600240.5519161,Europe,Asia
457,HSBC,Pertamina Persero PT,United Kingdom,Indonesia,1644166667.0,Europe,Asia
458,HSBC,Petróleo Brasileiro SA – Petrobras,United Kingdom,Brazil,2090340326.727781,Europe,South America
459,HSBC,Petróleos Mexicanos (PEMEX),United Kingdom,Mexico,7772220376.508041,Europe,North America
460,HSBC,QatarEnergy,United Kingdom,Qatar,1744444445.0,Europe,Asia
461,HSBC,Repsol SA,United Kingdom,Spain,426640983.5009561,Europe,Europe
462,HSBC,Shell PLC,United Kingdom,United Kingdom,5745957689.382341,Europe,Europe
463,HSBC,State Grid Corp of China,United Kingdom,China,937838952.5202717,Europe,China
464,HSBC,TotalEnergies SE,United Kingdom,France,1885635607.90002,Europe,Europe
465,HSBC,Xin Jiang Guang Hui Industry Investment Group Co Ltd,United Kingdom,China,918788.8743975832,Europe,China
466,ICBC,Beijing Energy Holding Co Ltd,China,China,2109602451.464702,China,China
467,ICBC,China Datang Corp,China,China,1425595480.785094,China,China
468,ICBC,China Energy Investment Corp Ltd,China,China,2810318554.692064,China,China
469,ICBC,China Huadian Corp Ltd,China,China,7248869734.448806,China,China
470,ICBC,China Huaneng Group Co Ltd,China,China,5729790394.775904,China,China
471,ICBC,China National Petroleum Corporation (CNPC),China,China,19600407911.0,China,China
472,ICBC,Guangdong Hengjian Investment Holding Co Ltd,China,China,500625012.0710695,China,China
473,ICBC,Hebei Construction & Investment Group Co Ltd,China,China,267180750.0,China,China
474,ICBC,Huayang New Material Technology Group Co Ltd,China,China,277614375.0,China,China
475,ICBC,Inpex Corp,China,Japan,276769230.0,China,Asia
476,ICBC,Jinneng Holding Group Co Ltd,China,China,1168882345.504022,China,China
477,ICBC,Kailuan Group Ltd Liability Corp,China,China,258729185.25,China,China
478,ICBC,Lu'an Chemical Group Co Ltd,China,China,386823442.1999999,China,China
479,ICBC,Shaanxi Coal and Chemical Industry Group Co Ltd,China,China,207520600.0,China,China
480,ICBC,Shaanxi Investment Group Co Ltd,China,China,21903150.0,China,China
481,ICBC,Shaanxi Yanchang Petroleum Group Co Ltd,China,China,4341726210.535794,China,China
482,ICBC,Shandong Energy Co Ltd,China,China,2771458994.761119,China,China
483,ICBC,Shanxi Coking Coal Group Co Ltd,China,China,452827830.8983865,China,China
484,ICBC,Shell PLC,China,United Kingdom,821608000.0,China,Europe
485,ICBC,Shenergy Group Co Ltd,China,China,356962086.1657483,China,China
486,ICBC,State Grid Corp of China,China,China,20867896289.19395,China,China
487,ICBC,Zhejiang Provincial Energy Group Co Ltd,China,China,1476902835.0,China,China
488,ING,Delek Group Ltd,Netherlands,Israel,277915699.868125,Europe,Asia
489,ING,Evraz PLC,Netherlands,United Kingdom,533237.3760132433,Europe,Europe
490,ING,Gazprom PJSC,Netherlands,Russia,91181052.55,Europe,Europe
491,ING,Glencore PLC,Netherlands,Switzerland,1541539565.002332,Europe,Europe
492,ING,Harbour Energy PLC,Netherlands,United Kingdom,38461538.0,Europe,Europe
493,ING,Inpex Corp,Netherlands,Japan,43000000.0,Europe,Asia
494,ING,Kuwait Petroleum Corp,Netherlands,Kuwait,480833334.0,Europe,Asia
495,ING,Mitsubishi Corp,Netherlands,Japan,22675740.0,Europe,Asia
496,ING,State Grid Corp of China,Netherlands,China,68314343.28154065,Europe,China
497,ING,TotalEnergies SE,Netherlands,France,118360000.0,Europe,Europe
498,Industrial Bank,Beijing Energy Holding Co Ltd,China,China,1013360945.331448,China,China
499,Industrial Bank,China Datang Corp,China,China,2247411741.937876,China,China
500,Industrial Bank,China Energy Investment Corp Ltd,China,China,1865221056.336977,China,China
501,Industrial Bank,China Huadian Corp Ltd,China,China,1903080186.286846,China,China
502,Industrial Bank,China Huaneng Group Co Ltd,China,China,1075301302.887156,China,China
503,Industrial Bank,China National Petroleum Corporation (CNPC),China,China,947868300.0,China,China
504,Industrial Bank,China ZhenHua Oil Co Ltd,China,China,67562550.0,China,China
505,Industrial Bank,Guangdong Hengjian Investment Holding Co Ltd,China,China,1966184498.306695,China,China
506,Industrial Bank,Huayang New Material Technology Group Co Ltd,China,China,2114830750.0,China,China
507,Industrial Bank,Jinneng Holding Group Co Ltd,China,China,10174482164.42526,China,China
508,Industrial Bank,Jizhong Energy Group Co Ltd,China,China,3905712945.5,China,China
509,Industrial Bank,Kailuan Group Ltd Liability Corp,China,China,42692100.0,China,China
510,Industrial Bank,Lu'an Chemical Group Co Ltd,China,China,408043110.15,China,China
511,Industrial Bank,Shaanxi Coal and Chemical Industry Group Co Ltd,China,China,2092856805.821134,China,China
512,Industrial Bank,Shaanxi Investment Group Co Ltd,China,China,502022145.0,China,China
513,Industrial Bank,Shaanxi Yanchang Petroleum Group Co Ltd,China,China,8689577656.773602,China,China
514,Industrial Bank,Shandong Energy Co Ltd,China,China,2539740322.051234,China,China
515,Industrial Bank,Shanxi Coking Coal Group Co Ltd,China,China,450502143.3322518,China,China
516,Industrial Bank,Shenergy Group Co Ltd,China,China,162305237.3030824,China,China
517,Industrial Bank,State Grid Corp of China,China,China,2308894875.0,China,China
518,Industrial Bank,Xin Jiang Guang Hui Industry Investment Group Co Ltd,China,China,300096462.1242527,China,China
519,Industrial Bank,Zhejiang Provincial Energy Group Co Ltd,China,China,45454545.0,China,China
520,Intesa Sanpaolo,Adani Group,Italy,India,35524842.61989594,Europe,Asia
521,Intesa Sanpaolo,Bulgarian Energy Holding EAD,Italy,Bulgaria,68773892.0,Europe,Europe
522,Intesa Sanpaolo,Gazprom PJSC,Italy,Russia,974710443.6,Europe,Europe
523,Intesa Sanpaolo,Glencore PLC,Italy,Switzerland,39741920.0,Europe,Europe
524,Intesa Sanpaolo,Repsol SA,Italy,Spain,54479000.0,Europe,Europe
525,Intesa Sanpaolo,TotalEnergies SE,Italy,France,873879325.0,Europe,Europe
526,JPMorgan Chase,Adani Group,United States,India,175509465.9492292,United States,Asia
527,JPMorgan Chase,Alliance Resource Partners LP,United States,United States,348920833.0,United States,United States
528,JPMorgan Chase,BHP Group Ltd,United States,Australia,60357142.88,United States,Oceania
529,JPMorgan Chase,Bulgarian Energy Holding EAD,United States,Bulgaria,149364093.2,United States,Europe
530,JPMorgan Chase,Chevron Corp,United States,United States,4659453457.0,United States,United States
531,JPMorgan Chase,China Huadian Corp Ltd,United States,China,72450170.49,United States,China
532,JPMorgan Chase,China Huaneng Group Co Ltd,United States,China,148888656.219359,United States,China
533,JPMorgan Chase,China National Petroleum Corporation (CNPC),United States,China,133333333.0,United States,China
534,JPMorgan Chase,ConocoPhillips,United States,United States,4514646127.0,United States,United States
535,JPMorgan Chase,Delek Group Ltd,United States,Israel,1124811865.05,United States,Asia
536,JPMorgan Chase,Equinor ASA,United States,Norway,2450420275.721993,United States,Europe
537,JPMorgan Chase,Evraz PLC,United States,United Kingdom,891381.8828253389,United States,Europe
538,JPMorgan Chase,Exxon Mobil Corp,United States,United States,15330564109.0,United States,United States
539,JPMorgan Chase,Gazprom PJSC,United States,Russia,4588553791.545782,United States,Europe
540,JPMorgan Chase,Glencore PLC,United States,Switzerland,676658307.2041324,United States,Europe
541,JPMorgan Chase,Guangdong Hengjian Investment Holding Co Ltd,United States,China,3098346.392008993,United States,China
542,JPMorgan Chase,Harbour Energy PLC,United States,United Kingdom,38461538.0,United States,Europe
543,JPMorgan Chase,Hess Corporation,United States,United States,3528035714.0,United States,United States
544,JPMorgan Chase,ITOCHU Corp,United States,Japan,23479479.78,United States,Asia
545,JPMorgan Chase,Indika Energy Tbk PT,United States,Indonesia,130912807.191375,United States,Asia
546,JPMorgan Chase,Inpex Corp,United States,Japan,46000000.0,United States,Asia
547,JPMorgan Chase,Kuwait Petroleum Corp,United States,Kuwait,142857143.0,United States,Asia
548,JPMorgan Chase,Mitsubishi Corp,United States,Japan,143154166.5335862,United States,Asia
549,JPMorgan Chase,Occidental Petroleum Corp,United States,United States,8128075841.309839,United States,United States
550,JPMorgan Chase,PPL Corp,United States,United States,1976802679.874294,United States,United States
551,JPMorgan Chase,Peabody Energy Corp,United States,United States,1058041667.0,United States,United States
552,JPMorgan Chase,Petróleo Brasileiro SA – Petrobras,United States,Brazil,4493171709.783329,United States,South America
553,JPMorgan Chase,Petróleos Mexicanos (PEMEX),United States,Mexico,6044869770.260682,United States,North America
554,JPMorgan Chase,QatarEnergy,United States,Qatar,1744444445.0,United States,Asia
555,JPMorgan Chase,Repsol SA,United States,Spain,471057380.9324411,United States,Europe
556,JPMorgan Chase,Shandong Energy Co Ltd,United States,China,378329916.7560707,United States,China
557,JPMorgan Chase,Shell PLC,United States,United Kingdom,5240341428.9,United States,Europe
558,JPMorgan Chase,State Grid Corp of China,United States,China,360511278.1752198,United States,China
559,JPMorgan Chase,Teck Resources Ltd,United States,Canada,4089249916.8389,United States,North America
560,JPMorgan Chase,TotalEnergies SE,United States,France,2740681237.912616,United States,Europe
561,KB Financial,POSCO Holdings Inc,"Korea, Republic of",South Korea,407497183.8758748,Asia,Asia
562,Lloyds,Delek Group Ltd,United Kingdom,Israel,78066207.828125,Europe,Asia
563,Lloyds,Harbour Energy PLC,United Kingdom,United Kingdom,1304070538.0,Europe,Europe
564,Lloyds,Shell PLC,United Kingdom,United Kingdom,720377500.0,Europe,Europe
565,MUFG,Adani Group,Japan,India,304874706.3192255,Asia,Asia
566,MUFG,BHP Group Ltd,Japan,Australia,60357142.88,Asia,Oceania
567,MUFG,Chevron Corp,Japan,United States,3382343084.0,Asia,United States
568,MUFG,China Energy Investment Corp Ltd,Japan,China,3255830.117296706,Asia,China
569,MUFG,ConocoPhillips,Japan,United States,1642207793.0,Asia,United States
570,MUFG,Equinor ASA,Japan,Norway,298899358.7219936,Asia,Europe
571,MUFG,Gazprom PJSC,Japan,Russia,200000000.0,Asia,Europe
572,MUFG,Glencore PLC,Japan,Switzerland,596967625.7381366,Asia,Europe
573,MUFG,Hess Corporation,Japan,United States,2904285714.0,Asia,United States
574,MUFG,ITOCHU Corp,Japan,Japan,44166668.0,Asia,Asia
575,MUFG,Indonesia Asahan Aluminium Persero PT,Japan,Indonesia,275710577.1930302,Asia,Asia
576,MUFG,Inpex Corp,Japan,Japan,1630675000.0,Asia,Asia
577,MUFG,Mitsubishi Corp,Japan,Japan,96923843.55327807,Asia,Asia
578,MUFG,NTPC Ltd,Japan,India,500654016.42,Asia,Asia
579,MUFG,Occidental Petroleum Corp,Japan,United States,4709007199.161045,Asia,United States
580,MUFG,PPL Corp,Japan,United States,409316354.886947,Asia,United States
581,MUFG,Pertamina Persero PT,Japan,Indonesia,913492062.0,Asia,Asia
582,MUFG,Petróleo Brasileiro SA – Petrobras,Japan,Brazil,1035631966.314887,Asia,South America
583,MUFG,Petróleos Mexicanos (PEMEX),Japan,Mexico,2241869769.470682,Asia,North America
584,MUFG,QatarEnergy,Japan,Qatar,944444445.0,Asia,Asia
585,MUFG,Repsol SA,Japan,Spain,279480316.5009561,Asia,Europe
586,MUFG,Sojitz Corp,Japan,Japan,5707647.537809568,Asia,Asia
587,MUFG,State Grid Corp of China,Japan,China,150155679.1043932,Asia,China
588,MUFG,TotalEnergies SE,Japan,France,1270338115.590372,Asia,Europe
589,Mizuho,Adani Group,Japan,India,210093693.7031887,Asia,Asia
590,Mizuho,BHP Group Ltd,Japan,Australia,60357142.88,Asia,Oceania
591,Mizuho,Chevron Corp,Japan,United States,1815677083.0,Asia,United States
592,Mizuho,China Huadian Corp Ltd,Japan,China,82437978.43777198,Asia,China
593,Mizuho,China Huaneng Group Co Ltd,Japan,China,148888656.219359,Asia,China
594,Mizuho,China National Petroleum Corporation (CNPC),Japan,China,133333333.0,Asia,China
595,Mizuho,ConocoPhillips,Japan,United States,1788636364.0,Asia,United States
596,Mizuho,Equinor ASA,Japan,Norway,881902358.7219937,Asia,Europe
597,Mizuho,Exxon Mobil Corp,Japan,United States,1111111111.0,Asia,United States
598,Mizuho,Gazprom PJSC,Japan,Russia,565447168.4964318,Asia,Europe
599,Mizuho,Glencore PLC,Japan,Switzerland,591947222.6861026,Asia,Europe
600,Mizuho,Hess Corporation,Japan,United States,2904285714.0,Asia,United States
601,Mizuho,ITOCHU Corp,Japan,Japan,23479479.78,Asia,Asia
602,Mizuho,Inpex Corp,Japan,Japan,1156946500.0,Asia,Asia
603,Mizuho,Mitsubishi Corp,Japan,Japan,228937103.1285436,Asia,Asia
604,Mizuho,NTPC Ltd,Japan,India,271161426.72,Asia,Asia
605,Mizuho,Occidental Petroleum Corp,Japan,United States,1784548888.802356,Asia,United States
606,Mizuho,POSCO Holdings Inc,Japan,South Korea,50910847.73752309,Asia,Asia
607,Mizuho,PPL Corp,Japan,United States,1374563764.491241,Asia,United States
608,Mizuho,Pertamina Persero PT,Japan,Indonesia,1527896825.0,Asia,Asia
609,Mizuho,Petróleo Brasileiro SA – Petrobras,Japan,Brazil,2461729603.18335,Asia,South America
610,Mizuho,Petróleos Mexicanos (PEMEX),Japan,Mexico,3994588943.77546,Asia,North America
611,Mizuho,Repsol SA,Japan,Spain,254775451.7208413,Asia,Europe
612,Mizuho,Shell PLC,Japan,United Kingdom,688000000.0,Asia,Europe
613,Mizuho,Sojitz Corp,Japan,Japan,38721647.42060851,Asia,Asia
614,Mizuho,State Grid Corp of China,Japan,China,1419193337.528813,Asia,China
615,Mizuho,Teck Resources Ltd,Japan,Canada,160177000.0,Asia,North America
616,Mizuho,TotalEnergies SE,Japan,France,1266273972.299336,Asia,Europe
617,Morgan Stanley,Arch Resources Inc,United States,United States,128178572.0,United States,United States
618,Morgan Stanley,Bayan Resources Tbk PT,United States,Indonesia,200000000.0,United States,Asia
619,Morgan Stanley,Chevron Corp,United States,United States,618181803.0,United States,United States
620,Morgan Stanley,China Datang Corp,United States,China,190489566.522387,United States,China
621,Morgan Stanley,China Energy Investment Corp Ltd,United States,China,267157909.9802716,United States,China
622,Morgan Stanley,China Huadian Corp Ltd,United States,China,297410129.0725936,United States,China
623,Morgan Stanley,ConocoPhillips,United States,United States,228571429.0,United States,United States
624,Morgan Stanley,Delek Group Ltd,United States,Israel,137808057.828125,United States,Asia
625,Morgan Stanley,Equinor ASA,United States,Norway,548899358.7219937,United States,Europe
626,Morgan Stanley,Exxon Mobil Corp,United States,United States,9444444443.0,United States,United States
627,Morgan Stanley,Glencore PLC,United States,Switzerland,560658284.250751,United States,Europe
628,Morgan Stanley,Hess Corporation,United States,United States,3278035714.0,United States,United States
629,Morgan Stanley,Inpex Corp,United States,Japan,46071500.0,United States,Asia
630,Morgan Stanley,Mitsubishi Corp,United States,Japan,255498956.1162321,United States,Asia
631,Morgan Stanley,Occidental Petroleum Corp,United States,United States,428571428.0,United States,United States
632,Morgan Stanley,PPL Corp,United States,United States,472000270.27,United States,United States
633,Morgan Stanley,Petróleo Brasileiro SA – Petrobras,United States,Brazil,2178084158.017233,United States,South America
634,Morgan Stanley,Petróleos Mexicanos (PEMEX),United States,Mexico,1644253129.340682,United States,North America
635,Morgan Stanley,Repsol SA,United States,Spain,1304210538.255577,United States,Europe
636,Morgan Stanley,Shandong Energy Co Ltd,United States,China,377107595.0,United States,China
637,Morgan Stanley,Shell PLC,United States,United Kingdom,7299931251.0,United States,Europe
638,Morgan Stanley,Sojitz Corp,United States,Japan,55068964.35097651,United States,Asia
639,Morgan Stanley,State Grid Corp of China,United States,China,560809509.6198738,United States,China
640,Morgan Stanley,Teck Resources Ltd,United States,Canada,53822916.83890001,United States,North America
641,Morgan Stanley,Thungela Resources Ltd,United States,South Africa,51923907.0,United States,Africa
642,Morgan Stanley,TotalEnergies SE,United States,France,2196026933.252307,United States,Europe
643,NAB,BHP Group Ltd,Australia,Australia,60357142.88,Oceania,Oceania
644,NAB,Glencore PLC,Australia,Switzerland,490060520.8671066,Oceania,Europe
645,NAB,ITOCHU Corp,Australia,Japan,44166668.0,Oceania,Asia
646,NAB,State Grid Corp of China,Australia,China,122620993.0475166,Oceania,China
647,NatWest,Delek Group Ltd,United Kingdom,Israel,78066207.828125,Europe,Asia
648,NatWest,Glencore PLC,United Kingdom,Switzerland,553258517.9168749,Europe,Europe
649,NatWest,Harbour Energy PLC,United Kingdom,United Kingdom,140609000.0,Europe,Europe
650,NatWest,Mitsubishi Corp,United Kingdom,Japan,22675740.0,Europe,Asia
651,NatWest,PPL Corp,United Kingdom,United States,94500270.0,Europe,United States
652,NatWest,Repsol SA,United Kingdom,Spain,388595639.7386871,Europe,Europe
653,NatWest,TotalEnergies SE,United Kingdom,France,170296302.6213821,Europe,Europe
654,Nordea Bank,Equinor ASA,Finland,Norway,298899358.7219936,Europe,Europe
655,PNC,Alliance Resource Partners LP,United States,United States,91900000.0,United States,United States
656,PNC,Arch Resources Inc,United States,United States,128178572.0,United States,United States
657,PNC,Chevron Corp,United States,United States,300000000.0,United States,United States
658,PNC,PPL Corp,United States,United States,171625000.0,United States,United States
659,Ping An Insurance Group,Beijing Energy Holding Co Ltd,China,China,168861470.0228307,China,China
660,Ping An Insurance Group,China Datang Corp,China,China,3668762592.12894,China,China
661,Ping An Insurance Group,China Energy Investment Corp Ltd,China,China,1086436445.995035,China,China
662,Ping An Insurance Group,China Huadian Corp Ltd,China,China,1406548312.936623,China,China
663,Ping An Insurance Group,China Huaneng Group Co Ltd,China,China,215036044.458845,China,China
664,Ping An Insurance Group,China National Petroleum Corporation (CNPC),China,China,722600000.0,China,China
665,Ping An Insurance Group,Guangdong Hengjian Investment Holding Co Ltd,China,China,165475584.0,China,China
666,Ping An Insurance Group,Hebei Construction & Investment Group Co Ltd,China,China,194746000.0,China,China
667,Ping An Insurance Group,Huayang New Material Technology Group Co Ltd,China,China,433113375.0,China,China
668,Ping An Insurance Group,Jinneng Holding Group Co Ltd,China,China,1580561591.234588,China,China
669,Ping An Insurance Group,Kailuan Group Ltd Liability Corp,China,China,78015073.5,China,China
670,Ping An Insurance Group,Lu'an Chemical Group Co Ltd,China,China,116853757.8,China,China
671,Ping An Insurance Group,Shaanxi Coal and Chemical Industry Group Co Ltd,China,China,339288867.290032,China,China
672,Ping An Insurance Group,Shaanxi Yanchang Petroleum Group Co Ltd,China,China,1751108740.934068,China,China
673,Ping An Insurance Group,Shandong Energy Co Ltd,China,China,1657607557.744259,China,China
674,Ping An Insurance Group,Shenmu City State-Owned Assets Operation Co,China,China,349771.1839185149,China,China
675,Ping An Insurance Group,State Grid Corp of China,China,China,1883766500.0,China,China
676,Postal Savings Bank of China,Beijing Energy Holding Co Ltd,China,China,92309845.9170766,China,China
677,Postal Savings Bank of China,China Datang Corp,China,China,580316250.1184691,China,China
678,Postal Savings Bank of China,China Energy Investment Corp Ltd,China,China,508805119.2108417,China,China
679,Postal Savings Bank of China,China Huadian Corp Ltd,China,China,930927542.1205784,China,China
680,Postal Savings Bank of China,China Huaneng Group Co Ltd,China,China,442253779.1938128,China,China
681,Postal Savings Bank of China,China National Petroleum Corporation (CNPC),China,China,1549450278.0,China,China
682,Postal Savings Bank of China,Guangdong Hengjian Investment Holding Co Ltd,China,China,191376420.0,China,China
683,Postal Savings Bank of China,Hebei Construction & Investment Group Co Ltd,China,China,37830000.0,China,China
684,Postal Savings Bank of China,Huayang New Material Technology Group Co Ltd,China,China,192664500.0,China,China
685,Postal Savings Bank of China,Jinneng Holding Group Co Ltd,China,China,1218339404.157022,China,China
686,Postal Savings Bank of China,Jizhong Energy Group Co Ltd,China,China,129299200.0,China,China
687,Postal Savings Bank of China,Lu'an Chemical Group Co Ltd,China,China,12080969.55,China,China
688,Postal Savings Bank of China,Shaanxi Coal and Chemical Industry Group Co Ltd,China,China,55167700.0,China,China
689,Postal Savings Bank of China,Shaanxi Investment Group Co Ltd,China,China,44376300.0,China,China
690,Postal Savings Bank of China,Shaanxi Yanchang Petroleum Group Co Ltd,China,China,786806224.8445079,China,China
691,Postal Savings Bank of China,Shandong Energy Co Ltd,China,China,764716131.3477345,China,China
692,Postal Savings Bank of China,Shougang Group Co Ltd,China,China,418657.1974662162,China,China
693,Postal Savings Bank of China,Xin Jiang Guang Hui Industry Investment Group Co Ltd,China,China,135295487.2571004,China,China
694,Postal Savings Bank of China,Zhejiang Provincial Energy Group Co Ltd,China,China,255638970.0,China,China
695,RBC,ConocoPhillips,Canada,United States,461930679.0,North America,United States
696,RBC,Glencore PLC,Canada,Switzerland,550033279.5634215,North America,Europe
697,RBC,Harbour Energy PLC,Canada,United Kingdom,38461538.0,North America,Europe
698,RBC,Occidental Petroleum Corp,Canada,United States,3180903619.197483,North America,United States
699,RBC,PPL Corp,Canada,United States,209678854.346947,North America,United States
700,RBC,Shell PLC,Canada,United Kingdom,3000500000.0,North America,Europe
701,RBC,Teck Resources Ltd,Canada,Canada,524019916.8389001,North America,North America
702,RBC,TotalEnergies SE,Canada,France,1923362426.086837,North America,Europe
703,Rabobank,Glencore PLC,Netherlands,Switzerland,108252336.61,Europe,Europe
704,Rabobank,Mitsubishi Corp,Netherlands,Japan,22675740.0,Europe,Asia
705,SMBC Group,Adani Group,Japan,India,57055943.04094857,Asia,Asia
706,SMBC Group,BHP Group Ltd,Japan,Australia,60357142.88,Asia,Oceania
707,SMBC Group,Chevron Corp,Japan,United States,618181803.0,Asia,United States
708,SMBC Group,ConocoPhillips,Japan,United States,1413636364.0,Asia,United States
709,SMBC Group,Gazprom PJSC,Japan,Russia,1092297168.496432,Asia,Europe
710,SMBC Group,Glencore PLC,Japan,Switzerland,511244772.7385453,Asia,Europe
711,SMBC Group,Hess Corporation,Japan,United States,714285714.0,Asia,United States
712,SMBC Group,ITOCHU Corp,Japan,Japan,67646147.78,Asia,Asia
713,SMBC Group,Indian Oil Corp Ltd,Japan,India,573696930.33,Asia,Asia
714,SMBC Group,Indonesia Asahan Aluminium Persero PT,Japan,Indonesia,241652186.1311027,Asia,Asia
715,SMBC Group,Inpex Corp,Japan,Japan,3143105730.0,Asia,Asia
716,SMBC Group,Kuwait Petroleum Corp,Japan,Kuwait,847500001.0,Asia,Asia
717,SMBC Group,Mitsubishi Corp,Japan,Japan,230194234.6810486,Asia,Asia
718,SMBC Group,NTPC Ltd,Japan,India,787034247.0862217,Asia,Asia
719,SMBC Group,Occidental Petroleum Corp,Japan,United States,3417340866.161045,Asia,United States
720,SMBC Group,PPL Corp,Japan,United States,97200000.0,Asia,United States
721,SMBC Group,Pertamina Persero PT,Japan,Indonesia,1049603173.0,Asia,Asia
722,SMBC Group,Petróleo Brasileiro SA – Petrobras,Japan,Brazil,1439900710.035231,Asia,South America
723,SMBC Group,Petróleos Mexicanos (PEMEX),Japan,Mexico,3789993934.735808,Asia,North America
724,SMBC Group,Shell PLC,Japan,United Kingdom,688000000.0,Asia,Europe
725,SMBC Group,State Grid Corp of China,Japan,China,136247346.4034523,Asia,China
726,SMBC Group,TotalEnergies SE,Japan,France,1934123908.219669,Asia,Europe
727,Santander,BHP Group Ltd,Spain,Australia,60357142.88,Europe,Oceania
728,Santander,Equinor ASA,Spain,Norway,298899358.7219936,Europe,Europe
729,Santander,Glencore PLC,Spain,Switzerland,596099497.6644292,Europe,Europe
730,Santander,Kuwait Petroleum Corp,Spain,Kuwait,480833334.0,Europe,Asia
731,Santander,Petróleo Brasileiro SA – Petrobras,Spain,Brazil,3722210927.333113,Europe,South America
732,Santander,Petróleos Mexicanos (PEMEX),Spain,Mexico,3506839645.27,Europe,North America
733,Santander,Repsol SA,Spain,Spain,493242133.0038241,Europe,Europe
734,Santander,Shell PLC,Spain,United Kingdom,5745957689.382341,Europe,Europe
735,Santander,State Grid Corp of China,Spain,China,405935823.4958461,Europe,China
736,Santander,TotalEnergies SE,Spain,France,1020647477.525889,Europe,Europe
737,Scotiabank,BHP Group Ltd,Canada,Australia,60357142.88,North America,Oceania
738,Scotiabank,Chevron Corp,Canada,United States,350000000.0,North America,United States
739,Scotiabank,Glencore PLC,Canada,Switzerland,550986692.7385453,North America,Europe
740,Scotiabank,Indian Oil Corp Ltd,Canada,India,183666775.5763808,North America,Asia
741,Scotiabank,Occidental Petroleum Corp,Canada,United States,1708734591.851298,North America,United States
742,Scotiabank,PPL Corp,Canada,United States,309241354.6169471,North America,United States
743,Scotiabank,Petróleo Brasileiro SA – Petrobras,Canada,Brazil,2104694332.675346,North America,South America
744,Scotiabank,Petróleos Mexicanos (PEMEX),Canada,Mexico,1516816732.788167,North America,North America
745,Scotiabank,State Grid Corp of China,Canada,China,35275918.46179563,North America,China
746,Scotiabank,Teck Resources Ltd,Canada,Canada,363842916.8389001,North America,North America
747,Shanghai Pudong Development Bank,Beijing Energy Holding Co Ltd,China,China,4208419097.148807,China,China
748,Shanghai Pudong Development Bank,China Datang Corp,China,China,1376729873.59616,China,China
749,Shanghai Pudong Development Bank,China Energy Investment Corp Ltd,China,China,2915040286.839303,China,China
750,Shanghai Pudong Development Bank,China Huadian Corp Ltd,China,China,270918253.4109646,China,China
751,Shanghai Pudong Development Bank,China Huaneng Group Co Ltd,China,China,1844556839.6112,China,China
752,Shanghai Pudong Development Bank,China National Petroleum Corporation (CNPC),China,China,1415780000.0,China,China
753,Shanghai Pudong Development Bank,China ZhenHua Oil Co Ltd,China,China,66024900.0,China,China
754,Shanghai Pudong Development Bank,Guangdong Hengjian Investment Holding Co Ltd,China,China,705871853.8092544,China,China
755,Shanghai Pudong Development Bank,Huayang New Material Technology Group Co Ltd,China,China,1392787875.0,China,China
756,Shanghai Pudong Development Bank,Jinneng Holding Group Co Ltd,China,China,2294080578.320568,China,China
757,Shanghai Pudong Development Bank,Jizhong Energy Group Co Ltd,China,China,2827324894.0,China,China
758,Shanghai Pudong Development Bank,Lu'an Chemical Group Co Ltd,China,China,269949564.9,China,China
759,Shanghai Pudong Development Bank,Shaanxi Coal and Chemical Industry Group Co Ltd,China,China,1498999532.467592,China,China
760,Shanghai Pudong Development Bank,Shaanxi Investment Group Co Ltd,China,China,502331625.0,China,China
761,Shanghai Pudong Development Bank,Shaanxi Yanchang Petroleum Group Co Ltd,China,China,5051153665.195217,China,China
762,Shanghai Pudong Development Bank,Shaanxi Yulin Energy Group Co Ltd,China,China,104079017.4554295,China,China
763,Shanghai Pudong Development Bank,Shandong Energy Co Ltd,China,China,1754596475.382813,China,China
764,Shanghai Pudong Development Bank,Shanxi Coking Coal Group Co Ltd,China,China,250118098.9433344,China,China
765,Shanghai Pudong Development Bank,Shenergy Group Co Ltd,China,China,687003573.6062636,China,China
766,Shanghai Pudong Development Bank,Shougang Group Co Ltd,China,China,425756.0179151262,China,China
767,Shanghai Pudong Development Bank,State Grid Corp of China,China,China,3009094750.0,China,China
768,Shanghai Pudong Development Bank,Zhejiang Provincial Energy Group Co Ltd,China,China,953306145.0,China,China
769,Société Générale,Adani Group,France,India,97786293.00157532,Europe,Asia
770,Société Générale,Chevron Corp,France,United States,1189610373.0,Europe,United States
771,Société Générale,China National Petroleum Corporation (CNPC),France,China,133333333.0,Europe,China
772,Société Générale,Equinor ASA,France,Norway,298899358.7219936,Europe,Europe
773,Société Générale,Evraz PLC,France,United Kingdom,198969.1696552875,Europe,Europe
774,Société Générale,Exxon Mobil Corp,France,United States,5913897444.0,Europe,United States
775,Société Générale,Glencore PLC,France,Switzerland,785621278.0953401,Europe,Europe
776,Société Générale,Inpex Corp,France,Japan,1820444230.0,Europe,Asia
777,Société Générale,Kuwait Petroleum Corp,France,Kuwait,509523810.0,Europe,Asia
778,Société Générale,Mitsubishi Corp,France,Japan,22675740.0,Europe,Asia
779,Société Générale,Occidental Petroleum Corp,France,United States,4203548079.999838,Europe,United States
780,Société Générale,Pertamina Persero PT,France,Indonesia,271428571.0,Europe,Asia
781,Société Générale,Petróleos Mexicanos (PEMEX),France,Mexico,1240496100.0,Europe,North America
782,Société Générale,Repsol SA,France,Spain,390326084.3467177,Europe,Europe
783,Société Générale,Rosneftegaz AO,France,Russia,500000000.0,Europe,Europe
784,Société Générale,Shell PLC,France,United Kingdom,388000000.0,Europe,Europe
785,Société Générale,TotalEnergies SE,France,France,4731931971.786486,Europe,Europe
786,Standard Chartered,Adani Group,United Kingdom,India,627240257.4666744,Europe,Asia
787,Standard Chartered,China Energy Investment Corp Ltd,United Kingdom,China,3255830.117296706,Europe,China
788,Standard Chartered,China Huadian Corp Ltd,United Kingdom,China,45454545.0,Europe,China
789,Standard Chartered,China Huaneng Group Co Ltd,United Kingdom,China,77500000.0,Europe,China
790,Standard Chartered,China National Petroleum Corporation (CNPC),United Kingdom,China,133333333.0,Europe,China
791,Standard Chartered,Equinor ASA,United Kingdom,Norway,298899358.7219936,Europe,Europe
792,Standard Chartered,Glencore PLC,United Kingdom,Switzerland,587899082.1651745,Europe,Europe
793,Standard Chartered,Indian Oil Corp Ltd,United Kingdom,India,178200000.0,Europe,Asia
794,Standard Chartered,Indika Energy Tbk PT,United Kingdom,Indonesia,506360858.004375,Europe,Asia
795,Standard Chartered,Indonesia Asahan Aluminium Persero PT,United Kingdom,Indonesia,275710577.1930302,Europe,Asia
796,Standard Chartered,NTPC Ltd,United Kingdom,India,306892589.7,Europe,Asia
797,Standard Chartered,POSCO Holdings Inc,United Kingdom,South Korea,182600240.5519161,Europe,Asia
798,Standard Chartered,Pertamina Persero PT,United Kingdom,Indonesia,525000000.0,Europe,Asia
799,Standard Chartered,Petróleo Brasileiro SA – Petrobras,United Kingdom,Brazil,914213736.4094404,Europe,South America
800,Standard Chartered,Shandong Energy Co Ltd,United Kingdom,China,83005837.66810845,Europe,China
801,Standard Chartered,Shell PLC,United Kingdom,United Kingdom,888000000.0,Europe,Europe
802,Standard Chartered,TotalEnergies SE,United Kingdom,France,244866917.4445396,Europe,Europe
803,Standard Chartered,Zhejiang Provincial Energy Group Co Ltd,United Kingdom,China,95454545.0,Europe,China
804,State Bank of India,Adani Group,India,India,116396788.5922057,Asia,Asia
805,State Bank of India,Coal India Ltd,India,India,307630608.0,Asia,Asia
806,State Bank of India,Indian Oil Corp Ltd,India,India,1418103323.79,Asia,Asia
807,State Bank of India,NTPC Ltd,India,India,1001472806.315373,Asia,Asia
808,State Bank of India,Reliance Power Ltd,India,India,1654607088.0,Asia,Asia
809,TD,Chevron Corp,Canada,United States,350000000.0,North America,United States
810,TD,ConocoPhillips,Canada,United States,3013636364.0,North America,United States
811,TD,Glencore PLC,Canada,Switzerland,564006689.8483073,North America,Europe
812,TD,Occidental Petroleum Corp,Canada,United States,356000000.0,North America,United States
813,TD,PPL Corp,Canada,United States,97200000.0,North America,United States
814,TD,Shell PLC,Canada,United Kingdom,388000000.0,North America,Europe
815,TD,Teck Resources Ltd,Canada,Canada,363842916.8389001,North America,North America
816,UBS,Adani Group,Switzerland,India,49809160.30534352,Europe,Asia
817,UBS,BHP Group Ltd,Switzerland,Australia,60357142.88,Europe,Oceania
818,UBS,China Energy Investment Corp Ltd,Switzerland,China,616723262.7255244,Europe,China
819,UBS,China Huadian Corp Ltd,Switzerland,China,765399846.3461423,Europe,China
820,UBS,China National Petroleum Corporation (CNPC),Switzerland,China,307669333.0,Europe,China
821,UBS,Evraz PLC,Switzerland,United Kingdom,319469.0975300091,Europe,Europe
822,UBS,Gazprom PJSC,Switzerland,Russia,602964163.2456094,Europe,Europe
823,UBS,Glencore PLC,Switzerland,Switzerland,684976600.197411,Europe,Europe
824,UBS,Pertamina Persero PT,Switzerland,Indonesia,104166667.0,Europe,Asia
825,UBS,Petróleo Brasileiro SA – Petrobras,Switzerland,Brazil,565424293.2968892,Europe,South America
826,UBS,Petróleos Mexicanos (PEMEX),Switzerland,Mexico,637932320.0,Europe,North America
827,UBS,Repsol SA,Switzerland,Spain,133820188.0178458,Europe,Europe
828,UBS,Shell PLC,Switzerland,United Kingdom,1138000000.0,Europe,Europe
829,UBS,State Grid Corp of China,Switzerland,China,325804354.8091742,Europe,China
830,UBS,TotalEnergies SE,Switzerland,France,289506257.4796163,Europe,Europe
831,US Bancorp,Occidental Petroleum Corp,United States,United States,236437246.9635628,United States,United States
832,US Bancorp,PPL Corp,United States,United States,759272095.2033747,United States,United States
833,UniCredit,Gazprom PJSC,Italy,Russia,2428222105.825814,Europe,Europe
834,UniCredit,Glencore PLC,Italy,Switzerland,496299998.3515427,Europe,Europe
835,UniCredit,Repsol SA,Italy,Spain,304942944.9859783,Europe,Europe
836,UniCredit,TotalEnergies SE,Italy,France,900828333.9697838,Europe,Europe
837,Wells Fargo,Alliance Resource Partners LP,United States,United States,257020833.0,United States,United States
838,Wells Fargo,Chevron Corp,United States,United States,1417191554.0,United States,United States
839,Wells Fargo,ConocoPhillips,United States,United States,2675541127.0,United States,United States
840,Wells Fargo,Delek Group Ltd,United States,Israel,78066207.828125,United States,Asia
841,Wells Fargo,Harbour Energy PLC,United States,United Kingdom,38461538.0,United States,Europe
842,Wells Fargo,Occidental Petroleum Corp,United States,United States,5696285841.309837,United States,United States
843,Wells Fargo,PPL Corp,United States,United States,1516385179.604294,United States,United States
844,Wells Fargo,Shell PLC,United States,United Kingdom,1742590001.0,United States,Europe
845,Westpac,BHP Group Ltd,Australia,Australia,60357142.88,Oceania,Oceania
846,Westpac,Indian Oil Corp Ltd,Australia,India,1019700000.0,Oceania,Asia
847,Westpac,Inpex Corp,Australia,Japan,521769230.0,Oceania,Asia
848,Westpac,State Grid Corp of China,Australia,China,247360194.8455613,Oceania,China
